"Date","Price (Close)","Price (High)","Price (Low)","Price (Open)","Circulating Supply"
"2021-09-17","5.315435086752762","5.517120190381651","5.051020544608878","5.494538792492962","238863519.826"
"2021-09-16","5.493143980033128","5.511197918726811","5.113603567522146","5.234690430893677","238863519.82600003"
"2021-09-15","5.231288644100635","5.306516456877343","5.135555627847695","5.238877243545132","238863519.826"
"2021-09-14","5.238075159689397","5.343082475228023","5.040013487163672","5.25404601437989","238863519.82599998"
"2021-09-13","5.258352734228699","5.585658179537932","5.191431586479369","5.5844163238047555","238863519.82599998"
"2021-09-12","5.585199886714092","5.742289664362283","5.385871223026436","5.601895049096754","238863519.826"
"2021-09-11","5.602598256859861","5.836331758439173","5.542871999551955","5.653692967837898","238863519.826"
"2021-09-10","5.653575080786391","5.9593200424749995","5.38758587656325","5.866693869596659","238863519.826"
"2021-09-09","5.8683759259439014","5.9096463788412965","5.698000608809352","5.855566639386385","238863519.826"
"2021-09-08","5.837432873685849","6.095541333252573","5.717201850301429","6.004500419935182","238863519.82599998"
"2021-09-07","6.019197068367108","6.293707687268714","5.798470143830228","6.275426540131274",""
"2021-09-06","6.272470197076833","6.394551400899307","6.153499353816523","6.35023325775175",""
"2021-09-05","6.349295200896534","6.444606484943455","6.2634109868167585","6.360127387675984",""
"2021-09-04","6.35974906414036","6.591856521786866","6.278536888456397","6.40407982271952",""
"2021-09-03","6.406822658524395","6.5109641794118325","5.839824677216077","5.840175056188601",""
"2021-09-02","5.842485581076677","6.059379745073828","5.384630050342914","5.71401446810596",""
"2021-09-01","5.712759437437317","5.798995884692186","5.40851501850839","5.4725146970435645",""
"2021-08-31","5.4782662064419405","5.656061829345517","5.339793145611641","5.5607624197828995",""
"2021-08-30","5.558695004901025","5.81703498598491","5.4508476659225815","5.636973621750931",""
"2021-08-29","5.628498656188065","6.807825465066454","5.620135564223337","5.930673341833912",""
"2021-08-28","5.93352837726938","6.039773797577187","5.8206633139817425","5.854672091272652",""
"2021-08-27","5.856804163679562","5.898101813198355","5.5231030435323065","5.566783422772011",""
"2021-08-26","5.566211451118225","5.694730236871541","5.440423905893924","5.6774454641396215","238863519.826"
"2021-08-25","5.675657692365246","5.829259137386794","5.427949646618096","5.509940354865307","238863519.826"
"2021-08-24","5.507579463208365","5.91596364960018","5.289265213668663","5.902182003141509","238863519.826"
"2021-08-23","5.901865047145351","6.190399689293182","5.736811398240783","6.161788441435398","238863519.82600003"
"2021-08-22","6.16047915749771","6.3631534130064225","5.595612968695507","5.827220159399314","238863519.82600003"
"2021-08-21","5.826462017266226","6.105742461164773","5.55522643869626","6.093050641909383","238863519.826"
"2021-08-20","6.08979487331925","6.321050965431425","5.634613471842906","6.170868019101296","238863519.826"
"2021-08-19","6.167554317859072","7.480915689801602","5.825500773465306","6.046435680186306","238863519.826"
"2021-08-18","6.0397517116019985","6.30207075146619","5.643212572109908","6.212624026358613","238863519.826"
"2021-08-17","6.214543690105663","6.53724461688038","6.080312055152058","6.191862907473542","238863519.82600003"
"2021-08-16","6.184247431453838","6.533174175900637","5.970302567932224","6.232703557219706","238863519.826"
"2021-08-15","6.2352592084395795","6.304992427068327","5.97324414971846","6.1935649614461","238863519.82599998"
"2021-08-14","6.192319843660663","6.290838779078353","6.0773231699283965","6.268705722358087","238863519.826"
"2021-08-13","6.268564477700977","6.449680402027191","5.896268306844231","6.150271653990443","238863519.82599998"
"2021-08-12","6.15036251150893","6.526556720156106","6.039677858527465","6.450615125483685","238863519.826"
"2021-08-11","6.44479272401995","6.5761437778573635","6.399322668775492","6.4375210622174786","238863519.826"
"2021-08-10","6.438984853411704","6.548494582443823","6.321351718126325","6.498929298115467","238863519.826"
"2021-08-09","6.4956661445521044","6.585872718040577","6.144707270909575","6.316967045245571","238863519.826"
"2021-08-08","6.321853121243894","6.671703862287565","6.189130235052484","6.612063524745012","238863519.826"
"2021-08-07","6.610263768437053","6.621329777654191","6.1904993735690175","6.216940011051584","238863519.826"
"2021-08-06","6.216149073677412","6.3053491239361135","5.846566115020924","6.155320519669926","238863519.826"
"2021-08-05","6.153870763400947","6.205912300209434","5.581170419363626","5.956466386237171","238863519.826"
"2021-08-04","5.956608232755362","6.031637087040667","5.639363990662723","5.752674024328464","238863519.826"
"2021-08-03","5.751086855579577","6.018455189080726","5.585143601529373","5.980111226452047","238863519.826"
"2021-08-02","5.980665789338315","6.2503099065729995","5.90494885753252","6.088420857630009","238863519.826"
"2021-08-01","6.094642475326351","6.276832102994553","5.974540888745325","6.253622086075504","238863519.826"
"2021-07-31","6.251721664141929","6.288021847626663","6.133404115061634","6.274999964316418","238863519.826"
"2021-07-30","6.280266357856706","6.3009137458617275","5.6570062600684325","5.968248429497457","238863519.826"
"2021-07-29","5.96752449020474","6.117012083325923","5.687978029592258","5.934780119840662","238863519.82599998"
"2021-07-28","5.927711707024038","6.13480277319369","5.755411131204029","5.946785930965037","238863519.826"
"2021-07-27","5.948002772691178","6.018762544114939","5.517251652914514","6.0031502777338615","238863519.826"
"2021-07-26","6.005448274935838","6.479435354831075","5.8440951274628095","5.852060324585765","238863519.82599998"
"2021-07-25","5.861469166385128","5.987399710557773","5.749613032736477","5.929876686051638","238863519.826"
"2021-07-24","5.9219408617257985","6.169523076306855","5.868954880115002","5.9723102025432","238863519.826"
"2021-07-23","5.968455705168505","5.9725939070677985","4.64966728507805","5.277021418583248","238863519.826"
"2021-07-22","5.28549586400413","5.392809934795794","5.136326640046919","5.281518216486851","238863519.826"
"2021-07-21","5.280898476764385","5.371904253382764","4.618526693455745","4.831496541432868","238863519.82599998"
"2021-07-20","4.833324885657281","5.036607395490709","4.530080480385786","4.927990430465769","238863519.82599998"
"2021-07-19","4.9276219422908305","5.3271014896893645","4.490421003769119","5.304547258759824","238863519.82599998"
"2021-07-18","5.303926752070607","5.62749635450971","4.847167157200293","5.393936893174104","238863519.826"
"2021-07-17","5.398906344803052","5.458749124261448","4.820022638961313","5.27988233654947","238863519.82600003"
"2021-07-16","5.279023194620615","5.527927324774074","4.878948779955781","5.464934035944803","238863519.82599998"
"2021-07-15","5.458519885084788","5.7343613157207365","5.347135711662457","5.628900934696994","238863519.826"
"2021-07-14","5.627736089457715","5.964651476986482","5.094146379434524","5.917169486571508","238863519.826"
"2021-07-13","5.916734972659562","6.111768087620963","5.711518590615816","5.958934939988219","238863519.826"
"2021-07-12","5.961238782112467","6.232726263176535","5.777288678609878","6.202736186680625","238863519.826"
"2021-07-11","6.201846243556947","6.240744687600964","6.0317356640735795","6.21071550768367","238863519.826"
"2021-07-10","6.210743395048233","6.48215976307773","6.095915867303974","6.445268890033418","238863519.82599998"
"2021-07-09","6.445805181634252","6.583546052285399","6.22184346634236","6.448562693473264","238863519.826"
"2021-07-08","6.448497674702155","6.848150284003996","6.350410468337728","6.8107751630564355","238863519.826"
"2021-07-07","6.808481476249909","7.007124839996883","6.746558626251387","6.854052269319155","238863519.82599998"
"2021-07-06","6.796439182195034","7.0119896906255414","6.769479918892124","6.773026799761391","238863519.826"
"2021-07-05","6.782536940145391","7.0994","6.571","6.904686828915543","238863519.826"
"2021-07-04","6.931371648147813","7.085642080474297","6.739126394688206","6.8039","238863519.826"
"2021-07-03","6.7950349606727505","7.0331","5.9125","6.2047","238863519.826"
"2021-07-02","6.219215448827584","6.297689001912006","5.781614457694083","5.93986976749319","238863519.826"
"2021-07-01","5.9432440373658055","6.3237826667601515","5.782477482399932","6.322430680885105","238863519.82599998"
"2021-06-30","6.3300882414330495","7.6954984565572495","5.962689031059115","6.195269441100374","238863519.826"
"2021-06-29","6.204275584203579","6.337016068700892","5.969934972997331","6.025665840498889","238863519.81685275"
"2021-06-28","5.957266049297959","6.1917","5.201844447164092","5.234407135045507","238863519.93460423"
"2021-06-27","5.255928237871631","5.3303","4.768456724483502","4.878","238863519.9997694"
"2021-06-26","4.888828132508555","5.611731222429931","4.780205967109959","5.464015472956388","238863519.798348"
"2021-06-25","5.476188517400674","6.07814783268703","5.281725319460959","5.723095981846282","238863519.9115228"
"2021-06-24","5.722264490714873","5.982154657963001","5.543100351888642","5.736786012947853","238863519.9282599"
"2021-06-23","5.731335066167043","5.859204608210313","5.288197456984668","5.390666317490666","238863519.88221204"
"2021-06-22","5.3900601761153135","5.8449","4.972393942501478","5.405667332112474","238863519.7393051"
"2021-06-21","5.392945088108908","6.2252","5.161659962988813","6.2228","238863519.68944633"
"2021-06-20","6.223074407111627","6.439445357935283","5.973325781476372","6.1897","238863519.70845187"
"2021-06-19","6.174372384681118","6.670168680399234","6.142521958308802","6.367610542777219","238863519.71854413"
"2021-06-18","6.359160311878614","6.8804","6.247576281340729","6.811871334541165","238863519.82090402"
"2021-06-17","6.8102449414789685","6.852476325954587","6.536334644783096","6.629658196514958","238863519.9450175"
"2021-06-16","6.648519467634538","6.864229659780218","6.545131295773005","6.786098763130509","238863519.95377886"
"2021-06-15","6.810746762609251","6.985975450571107","6.7141","6.94234210840057","238863519.7491644"
"2021-06-14","6.9406965605047715","7.09751633347509","6.712","6.987642795683774","238863519.77138913"
"2021-06-13","7.020629462627012","7.140223738452451","6.755136750752099","6.9528","238863519.81999493"
"2021-06-12","6.9363911145474955","7.220031186974668","6.714873008696221","7.2178","238863519.90180886"
"2021-06-11","7.14919147201461","7.261847165202972","6.858601667685725","7.198639808983626","238863519.70540667"
"2021-06-10","7.232429066268821","7.5118589243679095","7.006598782070054","7.21968822978431","238863519.93632746"
"2021-06-09","7.2192253492021035","7.368108269793774","6.811897809847421","7.068330557363423","238863519.88578436"
"2021-06-08","7.084371398503413","7.631295281301793","6.8115","7.431160113813716","238863519.80652192"
"2021-06-07","7.460932552530906","7.810046378088577","7.3744278675705015","7.67552780625266","238863519.91394418"
"2021-06-06","7.6777465304945665","7.855120299713649","7.5632834606699655","7.7505","238863519.86520714"
"2021-06-05","7.764251628410694","7.957386268354347","7.497382678986416","7.846042302184423","238863519.9036276"
"2021-06-04","7.721761174406187","8.15918459595166","7.481890415915315","8.026573571176108","238863519.79768077"
"2021-06-03","8.023415281035323","8.16731254984513","7.400391946625061","7.501741641297787","238863519.73594084"
"2021-06-02","7.5162221175230925","7.603310567187167","7.065593294930608","7.208064906940542","238863519.74389252"
"2021-06-01","7.213268825658846","7.365892253639309","7.010780547238499","7.250122045186626","238863519.82751486"
"2021-05-31","7.24859809920172","7.513244022955863","6.8995638104122525","7.103327957590254","238863519.7249397"
"2021-05-30","7.175073612315378","7.323576044348361","6.784684890464711","6.947414910535675","238863519.86403784"
"2021-05-29","6.94622193738522","7.182026615886683","6.722212320634232","6.874526342875573","238863519.98063844"
"2021-05-28","6.868275140667442","7.041585102623721","6.463743233493198","6.70269202666571","238863519.7902978"
"2021-05-27","6.68088108129148","7.045425729145524","6.452031757026541","6.749269815670308","238863519.8093461"
"2021-05-26","6.818610157506226","7.199806616409741","6.727302508045857","6.90580004259307","238863519.8845571"
"2021-05-25","6.89529036885337","7.023667773661421","6.4784488620097544","6.842311533522999","238863519.7076446"
"2021-05-24","6.853164889645243","6.972137600000001","6.0820226151532","6.255095746122548","238863519.69237024"
"2021-05-23","6.248250826888646","6.7205","5.574332407280098","6.581691681358951","238863519.8073377"
"2021-05-22","6.577910212359612","6.901239515081153","6.109267938869419","6.330783804653481","238863519.90570757"
"2021-05-21","6.321443708243545","7.116825751890395","5.700896896655055","6.644121114218101","238863519.8662382"
"2021-05-20","6.637994433022356","6.993349827804386","5.45395150556422","5.982692749546139","238863519.88926437"
"2021-05-19","6.142630241338691","7.0744","5.209997305115846","6.9872","238863519.76888475"
"2021-05-18","6.94720899358857","7.247768563905384","6.682691964049776","6.902206495987162","238863519.65948313"
"2021-05-17","6.898463182982168","7.20843010027738","6.345323772376878","6.765011169236557","238863519.82152182"
"2021-05-16","6.959527666559996","7.081727735099722","6.248834540270806","6.823679552280588","238863519.9212968"
"2021-05-15","6.904178197222253","7.392750541825268","6.627435860090337","7.32038661860161","238863519.77286226"
"2021-05-14","7.312874850789955","7.463191348688221","6.870926669959897","6.876286943435835","238863519.66316956"
"2021-05-13","6.8740874696548975","7.322395745411093","6.719477281537403","6.9631","238863519.978766"
"2021-05-12","6.94445417899748","7.36624096","6.8636863","7.1747174000000005","238863519.84450626"
"2021-05-11","7.157804456881831","7.199034048699394","6.88735885071051","7.115783140056269","238863519.9002052"
"2021-05-10","7.114933143476651","7.499500402916525","6.884343349953645","7.303442444103069","238863519.8206556"
"2021-05-09","7.278637424795926","7.318242949643912","6.8951501043970005","7.1374915652870605","238863519.72726533"
"2021-05-08","7.105348413625435","7.118767378029498","6.580047444324883","6.732099771175523","238863519.9923691"
"2021-05-07","6.727633993892534","6.754034595741464","6.178759354235021","6.397994230940624","238863519.87167168"
"2021-05-06","6.396835048670509","6.522760019155831","6.169857752685997","6.3907","238863519.73617277"
"2021-05-05","6.391220454308371","6.461121496003021","5.679483708493039","6.0012","238863519.70473918"
"2021-05-04","6.006402218290417","6.4527092","5.973303468882618","6.4527092","238863519.68742093"
"2021-05-03","6.438363210122029","6.5939","6.165614133497248","6.1767","238863519.98310402"
"2021-05-02","6.153480286618569","6.557241654671644","5.9809","6.245364588499333","238863519.90042597"
"2021-05-01","6.232569766635422","6.309328975222689","5.9002","5.9103","238863519.6305481"
"2021-04-30","5.91869805100994","5.920148738067541","5.6746","5.7048","238863519.90146"
"2021-04-29","5.708076095372045","6.061591728548421","5.657025434528794","6.0601043160520405","238863519.86884108"
"2021-04-28","6.031833765071985","6.370954779097944","5.9148085329011115","6.244356150322947","238863520.0066345"
"2021-04-27","6.2221","6.3326972633523315","6.026500886069737","6.2219054452952935","238863519.98728025"
"2021-04-26","6.226526959638984","6.3345284","5.815588237753182","5.83187448519224","238863519.7256794"
"2021-04-25","5.816765698312791","6.231217545466457","5.402767612762291","6.2123581963618015","238863519.94643053"
"2021-04-24","6.213379833159954","6.854782801067804","6.0091873675225145","6.707517467341068","238863519.83238322"
"2021-04-23","6.821757499141274","6.827613303216562","5.275839707930385","5.906087550581168","238863519.9482585"
"2021-04-22","5.905835324960107","6.406973368102779","5.637623565616869","6.151620730673075","238863519.9149028"
"2021-04-21","6.147458581479814","6.32138331781514","5.942729055855872","6.217471220031507","238863519.7197673"
"2021-04-20","6.193747972328274","6.225566935215798","5.806320800257934","6.0806","238863519.9653516"
"2021-04-19","6.094219215813109","6.486738305915617","6.0342","6.364417471773423","238863519.84801358"
"2021-04-18","6.356223870035886","6.645750815164876","6.1133177383070105","6.488400605911516","238863519.72296044"
"2021-04-17","6.484777465857082","6.987684526879378","6.460214596467023","6.631596537920632","238863519.94931516"
"2021-04-16","6.609235261584644","7.031243250759762","5.603752753662004","6.9612689502988","238863519.69160333"
"2021-04-15","7.009289312760014","7.146276501878012","6.677629276186385","6.8459691716006","238863519.8417997"
"2021-04-14","6.845701927478426","7.418348470920778","6.667151058495705","7.071933499717647","238863519.71665177"
"2021-04-13","7.0556","7.672393178101728","6.567893947832356","7.047782633556346","238863519.76711503"
"2021-04-12","7.04776288745431","7.39408","6.9892892518385645","7.058365422638601","238863519.84019274"
"2021-04-11","7.051295758937413","7.513860413281704","7.019254527244541","7.221394113714303","238863519.78914005"
"2021-04-10","7.20267507647549","7.552080105200204","6.428662009071228","7.486478914117019","238863519.6775251"
"2021-04-09","7.485392437816518","7.9659","7.436535752881656","7.691330526804435","238863519.82022658"
"2021-04-08","7.7169","7.8","6.995462616624916","7.462067364481184","238863519.72114635"
"2021-04-07","7.460764866461029","7.650358591624151","6.726939124729311","6.728148693356986","238863519.87087536"
"2021-04-06","6.7409191937050394","6.8306294921429895","6.245261708628925","6.253412763197211","238863519.8841517"
"2021-04-05","6.247057237824599","6.280442489307474","5.861791068848693","5.998945817091806","238863519.88482085"
"2021-04-04","5.9825335812506415","6.0453666189798145","5.298246170438887","5.447077855767445","238863519.8779767"
"2021-04-03","5.451757075604067","5.504048667766755","4.990664111964369","4.992032635024494","238863519.62863013"
"2021-04-02","4.994106371153912","5.62589004320493","4.596935529445474","5.504581875444009","238863519.9446607"
"2021-04-01","4.749534339327315","4.869141036888204","4.49955","4.857524726421648","238863519.6803846"
"2021-03-31","4.8504505594515805","4.873431512957993","4.547768133811163","4.804098921138073","238863520.018737"
"2021-03-30","4.811806516493662","5.581920775060441","4.76425338522537","4.831991367703406","238863519.7154842"
"2021-03-29","4.831342703326727","5.0720138898946345","4.645378509146499","4.77486735386348","238863519.8965638"
"2021-03-28","4.773705802815352","4.918190391758518","4.721056213339205","4.90355889547859","238863519.62569433"
"2021-03-27","4.890782203149394","4.989644279392059","4.693822795141804","4.825119194396197","238863519.6008221"
"2021-03-26","4.8570059168474184","5.0062561781885355","4.766032816055945","4.868071037236046","238863520.0196141"
"2021-03-25","4.82958094644387","4.899229627775354","4.389892031461828","4.739078708647404","238863520.06571764"
"2021-03-24","4.758783459954747","5.028286715671188","4.6061106","4.956917647935715","238863519.97081017"
"2021-03-23","4.927435049240478","5.032637170318187","4.822411219944725","4.876239946114168","238863519.80300432"
"2021-03-22","4.867865226951603","5.120227399901139","4.756027745263112","4.978555312369995","238863519.86526912"
"2021-03-21","4.9554795828079214","5.055872269257218","4.92290838202382","5.004122822821241","238863519.9757343"
"2021-03-20","5.005322117100794","5.568941450049367","4.922698805340429","5.267526650496581","238863519.8425224"
"2021-03-19","5.270941469976705","5.27793967509616","4.864987676295202","5.021019263512938","238863520.0011017"
"2021-03-18","5.0112238648741325","5.22656040500563","4.964660916129523","5.028216873327397","238863520.06036684"
"2021-03-17","5.020926982070343","5.166127003435736","4.7501048452197425","4.88959831024398","238863519.81694683"
"2021-03-16","4.915993655385687","4.9421431371763465","4.549558478338217","4.661343441213715","238863519.8127128"
"2021-03-15","4.810357252460201","5.1609783415172785","4.625155146188186","4.995633532442848","238863519.61811855"
"2021-03-14","5.025352687379127","6.325956140647559","4.926553753814618","5.236446010199052","238863519.98878828"
"2021-03-13","5.24312883664431","5.80589376157346","5.131974008915514","5.620177376751231","238863519.67276177"
"2021-03-12","5.628428454800148","5.813449217168089","5.22847491","5.5334040215349365","238863519.9495103"
"2021-03-11","5.526973181346699","5.816199544973315","5.169637377875706","5.425002307608354","238863520.01036087"
"2021-03-10","5.445014441794838","5.649669709599982","5.186233915596157","5.635571313254359","238863519.61745352"
"2021-03-09","5.631529215815795","5.702164989682698","5.30425694354087","5.572536893105375","238863519.86286348"
"2021-03-08","5.611821818373596","5.651216837432926","4.852913062804951","5.000484458594535","238863519.81196475"
"2021-03-07","5.090787597000727","5.104847692685727","4.489388158982932","4.611228303136048","238863519.81119177"
"2021-03-06","4.617145613323299","4.7401546241098815","4.480340468820059","4.5859126363686995","238863520.0229611"
"2021-03-05","4.582550480784145","4.6835651756274626","4.432057332755123","4.553727188604423","238863520.03511024"
"2021-03-04","4.568588711144234","4.778247574431529","2.7386739079593223","4.621249785170639","238863520.05175743"
"2021-03-03","4.63908004075551","4.925331543153812","4.140088162345012","4.475728880657283","238863520.05333018"
"2021-03-02","4.495613951174159","4.92442392304082","4.434894099859646","4.848530372659602","238863520.05750096"
"2021-03-01","4.852276344537508","5.084150817966673","4.644331943949879","4.685861087991465","238863519.98429334"
"2021-02-28","4.67290824555933","5.080526214064342","4.234333247156329","4.608922357552655","238863519.83865616"
"2021-02-27","4.622937164886416","5.23170170454576","4.51576405917353","4.795683480299264","238863519.9029577"
"2021-02-26","4.77966801357505","5.062309043663022","4.748224437096257","4.872984932587224","238863519.71255958"
"2021-02-25","4.873679928611115","5.237999281460959","4.80495311303025","5.195144252683427","238863520.010781"
"2021-02-24","5.127637234842438","5.524691653778952","4.922477323851018","5.15362265655463","238863519.9359209"
"2021-02-23","5.153104260573855","5.579020059766889","4.732111234439259","5.437991068255289","238863519.8729111"
"2021-02-22","5.438641371595419","5.738417871312324","4.460836920662207","5.481606365800127","238863519.96195236"
"2021-02-21","5.477585620293299","5.6776379221197075","5.414421172817739","5.613054560562056","238863519.77850205"
"2021-02-20","5.599874427694415","6.018253365096892","5.3646696","5.831135888840992","238863519.6216479"
"2021-02-19","5.8431245763053905","5.926090596714706","5.3676588970920225","5.732884815755146","238863519.67780545"
"2021-02-18","5.725026427421115","5.795520135341104","5.605442570844707","5.77762235843284","238863520.01948953"
"2021-02-17","5.771936208734875","5.835922230007224","5.397706882492203","5.397706882492203","238863519.68030986"
"2021-02-16","5.41487302437867","5.60737548640637","5.3443330144543975","5.530524339473694","238863519.7824892"
"2021-02-15","5.541709833088517","5.769630575198917","5.1962669334186256","5.7662980788813964","238863519.66655764"
"2021-02-14","5.795613008207277","6.007439817759923","5.700051248696582","5.775521717158453","238863519.93741608"
"2021-02-13","5.725280819125621","6.016474390627707","5.642937212574384","5.737718483218505","238863519.74361068"
"2021-02-12","5.719913390848204","6.063535250454828","5.531136366746484","5.803977787865062","238863519.79850245"
"2021-02-11","5.793852267132182","6.243060010709092","5.5564919226600304","6.055490258777954","238863519.88496244"
"2021-02-10","6.057294552873017","6.340900669691372","5.66239174031492","5.6722456500048235","238863520.0266"
"2021-02-09","5.6734112785991755","5.866218543012341","5.06726607947088","5.126100819397701","238863519.95767578"
"2021-02-08","5.108941884947916","5.360031302238705","4.886530417079882","4.979688270752233","238863519.70446342"
"2021-02-07","5.0105311006129485","5.054637266696972","4.820943633145041","4.940075569611503","238863519.9804365"
"2021-02-06","5.0541758923292806","5.215248154645008","4.841078158207954","5.006191978443422","238863519.96194386"
"2021-02-05","5.006502905861884","5.402013851445101","4.873291021083697","4.933380208939869","238863519.97383556"
"2021-02-04","4.930510241851648","5.080762762898512","4.756974848045299","5.013457559999999","238863519.58817673"
"2021-02-03","5.007371718995613","5.094352090923569","4.718631447009657","4.9073052544338385","238863519.955503"
"2021-02-02","4.907549084073793","4.976175327494513","4.724641038079719","4.769908511321544","238863519.91007957"
"2021-02-01","4.767224806826122","4.863968684856745","4.634267787214858","4.838840977408615","238863519.814653"
"2021-01-31","4.850444375171422","4.947760320426877","4.650221262079696","4.804544899935239","238863519.88905138"
"2021-01-30","4.821637896250067","5.093215284560335","4.776622707625284","5.070643406262501","238863519.91283858"
"2021-01-29","5.059219603388514","5.363549915738242","4.827002651657457","4.957609222530123","238863519.73398545"
"2021-01-28","4.975141373416307","5.042217876413426","4.620022632385094","4.866294054431892","238863519.79912004"
"2021-01-27","4.8672790514572295","5.034690255595612","4.619746912048703","5.014661241922326","238863519.67872733"
"2021-01-26","5.011527631781943","5.1680029981096425","4.65696210270476","5.011694233321269","238863520.04280797"
"2021-01-25","5.0249697005602885","5.439520790189894","4.8707682097101115","5.3216463734922765","238863520.0514366"
"2021-01-24","5.318291954850147","5.403857292209996","4.770673070332687","4.81709984889935","238863519.99243516"
"2021-01-23","4.822518550562554","5.0425635816369505","4.742571071279437","4.904084899264298","238863519.94736665"
"2021-01-22","4.921956463770872","4.997747349623404","3.8514675334787003","4.045208435299287","238863519.95748183"
"2021-01-21","4.056268655564229","4.629378915806235","3.8939450650084475","4.5804908358582175","238863520.0054319"
"2021-01-20","4.613648794476621","4.787904601687099","4.442129846060975","4.742964954299314","238863519.69333377"
"2021-01-19","4.667318160864413","5.008444335799438","4.424623358342206","4.82117016497463","238863519.79437447"
"2021-01-18","4.793403739837504","4.856526541675763","4.513081429660357","4.772159722182825","238863519.98766232"
"2021-01-17","4.728898281547419","5.017790423225698","4.420829287854378","4.953174681342683","238863520.02093995"
"2021-01-16","4.961130461718746","5.235348473093598","4.694438133661488","4.780049407148903","238863520.0424296"
"2021-01-15","4.760613532671446","5.343461778777429","4.704153050540086","5.311283487304661","238863519.7269838"
"2021-01-14","5.282532689422673","5.453335742675958","4.88128871573605","5.013099334973347","238863519.72930458"
"2021-01-13","5.005432260615093","5.074089189756132","4.570017313934874","4.758518993126188","238863519.64261985"
"2021-01-12","4.751016968587589","5.028471172649254","4.480291515102481","4.796362274354899","238863519.84023646"
"2021-01-11","4.873820555879932","5.474625945964686","4.354604895626875","5.2884027103875235","238863519.74002954"
"2021-01-10","5.462493302319004","6.027557916080216","4.6598741312406595","5.38042729904243","238863519.82752433"
"2021-01-09","5.387737936165779","5.632980997354753","4.944293899763253","5.535389927991576","238863519.8251541"
"2021-01-08","5.5110314291639","6.757456696716367","5.107147177423454","5.631253342474564","238863519.7363814"
"2021-01-07","5.702186944835729","7.250458339962009","5.559670461750699","6.107803971189763","238863520.020206"
"2021-01-06","6.060466283898128","6.541998871653859","5.769312289378794","6.0670663089077745","238863519.65828496"
"2021-01-05","6.062673730879162","6.37724073976613","5.589494933402002","6.181036888092285","238863519.8508463"
"2021-01-04","5.970841754889362","6.929968570495337","5.771239560089217","6.52030564693133","238863519.95969892"
"2021-01-03","6.527362049379472","6.867372809813305","5.931156967367332","6.08646101916291","238863519.9384146"
"2021-01-02","6.04003234504773","6.370897710702948","5.4180682420542166","5.485898100919966","238863519.6412083"
"2021-01-01","5.498941549731526","5.856671614705163","5.3118519583445165","5.508139063828217","238863519.83758545"
"2020-12-31","5.4686198056595146","5.889869540327243","5.173490878658844","5.617054889363287","238863519.70448768"
"2020-12-30","5.592004215735923","5.987432295173121","5.357775631788526","5.469401946769882","238863519.75783348"
"2020-12-29","5.424878443076422","5.606109789935055","4.584141011412743","4.665227889220935","238863519.97605157"
"2020-12-28","4.699929164347922","4.8158621442018985","4.157655258288709","4.357396638334596","238863520.02260727"
"2020-12-27","4.2924164262895586","4.368869527256912","3.8130800166648533","3.8213159821865736","238863519.76330003"
"2020-12-26","3.828882410010568","4.089912063960624","3.5252674562434487","3.814524954606017","238863520.04880217"
"2020-12-25","3.8446409213763495","3.9104537582731513","3.5418089152876173","3.8011284489472144","238863519.6630792"
"2020-12-24","3.8002488179816174","3.917430647117717","3.0849025546523148","3.1463281451735456","238863519.53722474"
"2020-12-23","3.1430037758166938","3.292317849313009","2.8972530213421868","3.017217552866029","238863519.9281115"
"2020-12-22","3.04457050528755","3.088152677044373","2.8050438190425644","2.8163271811465163","238863520.02477324"
"2020-12-21","2.811483187462888","2.9690677460157215","2.7119086512907935","2.9493592030856184","238863519.45406693"
"2020-12-20","2.942134264683745","2.984888414338431","2.837530257297634","2.9531759638819417","238863519.56311053"
"2020-12-19","2.9566491597042215","2.971802159365762","2.8244136171285885","2.8281319125909627","238863519.83193222"
"2020-12-18","2.8339517171962796","2.8827938198934193","2.5576841041477785","2.6935251471114383","238863519.92025578"
"2020-12-17","2.707585025202272","2.7691360489084245","2.5610173212650125","2.5840315457466096","238863519.89927"
"2020-12-16","2.5885231326681533","2.6081826000556565","2.2470760948758883","2.2676495332209234","238863519.92173618"
"2020-12-15","2.267944683653416","2.3351955868838434","2.2132647585360514","2.3049436299374113","238863519.85263807"
"2020-12-14","2.313049977824183","2.369320757646298","2.2531315637534965","2.3182266680795136","238863520.01714754"
"2020-12-13","2.321354124870641","2.3938464124841343","2.277463498436177","2.323735407464264","238863520.1782337"
"2020-12-12","2.3247814301031573","2.352094215261221","2.195857593052891","2.223047357236913","238863519.90402913"
"2020-12-11","2.19389160181564","2.2371426896234947","2.1461461885587916","2.2196866956553705","238863519.65619397"
"2020-12-10","2.2026349711017073","2.3121412493961446","2.1698053775505306","2.299551727782747","238863519.88840565"
"2020-12-09","2.2980647458149193","2.362896362545172","2.241141850596473","2.279709822038369","238863520.00340557"
"2020-12-08","2.2925205318748434","2.3586877007639266","2.2220741404541533","2.3399464467696873","238863519.76352838"
"2020-12-07","2.345582671855672","2.442973875914241","2.296624815695132","2.3590547716291757","238863519.62198383"
"2020-12-06","2.361027784819632","2.431895900569769","2.3074651848427266","2.3911709122326372","238863519.58454385"
"2020-12-05","2.3513381447572566","2.383486541644907","2.292781736804965","2.3102908850680923","238863519.45271936"
"2020-12-04","2.315319416919454","2.4758577716573242","2.2809725303862756","2.4531973009406163","238863520.05120742"
"2020-12-03","2.4688821147607873","2.477260873433285","2.352472905567045","2.4581290354285166","238863519.59758383"
"2020-12-02","2.4523166142898756","2.5188207881101543","2.3527401436004176","2.425599111917478","238863519.51525316"
"2020-12-01","2.4397934868753435","2.586924912487659","2.299278584134554","2.4743307407074524","238863520.06105936"
"2020-11-30","2.467447563917742","2.605986734078789","2.3863381859790467","2.497975160866811","238863519.4676791"
"2020-11-29","2.476912317675735","2.5436932961516354","2.3416899611447497","2.34506840425703","238863519.9773245"
"2020-11-28","2.401420719584944","2.4520118066115577","2.0457070327296543","2.4068825958922644","238863520.04391947"
"2020-11-27","2.3998367162346295","2.4558924620636713","2.118709823165503","2.1254973075704253","238863519.9786283"
"2020-11-26","2.142682910728055","2.3247383754470667","1.9373289007180416","2.2732408167363896","238863519.9039727"
"2020-11-25","2.2747795783624642","2.493014133659009","2.058973926637533","2.4530962276829067","238863519.96338823"
"2020-11-24","2.453237092190184","2.62531316880511","2.4133501895857736","2.5683609587050693","238863519.75776407"
"2020-11-23","2.5743160154096643","2.6763092391209184","2.452879926032229","2.4898624028164495","238863519.848403"
"2020-11-22","2.4419842311782043","2.542916366674866","2.259772556987494","2.328199147771456","238863519.847468"
"2020-11-21","2.3238400041388187","2.3991205078676616","2.174475671143105","2.2878865889554594","238863519.86990473"
"2020-11-20","2.302466525562531","2.310735612915445","2.0460278776744296","2.053689002929973","238863519.5535139"
"2020-11-19","2.0540854101181765","2.0993835315451492","1.8799095753464043","2.0633177938368745","238863519.3542236"
"2020-11-18","2.066117125881656","2.1064079802893287","1.9692359882585742","2.0331332001773363","238863519.46572635"
"2020-11-17","2.0355520304930255","2.098558958917681","1.8247752236264412","1.893576695803674","238863519.7694215"
"2020-11-16","1.8832528892752438","1.9783597634277608","1.716030847551196","1.9512986331485036","238863520.40813452"
"2020-11-15","1.9486563609609058","2.005755479856162","1.8082263358654802","1.944408863734539","238863520.41334742"
"2020-11-14","1.9615502140101075","2.058625674354838","1.8689998418964175","2.0101387786422755","238863520.22432032"
"2020-11-13","2.008570934147906","2.0643038550387764","1.8102756505970763","1.9193186226315495","238863520.10920197"
"2020-11-12","1.8839873754193197","1.9696628585831888","1.837147558086239","1.95701898857099","238863520.17520186"
"2020-11-11","1.9521931680511764","1.9888282014170207","1.8959789577424626","1.9359756563288253","238863520.39015177"
"2020-11-10","1.9221637020744016","1.9366613159438262","1.8368396206709634","1.8499401151192347","238863519.76326495"
"2020-11-09","1.850217976095034","1.9933676860979825","1.8344107110441144","1.9409730226685131","238863520.4098651"
"2020-11-08","1.9346897580780786","2.006576130702737","1.7908371661645872","1.7926821261520778","238863519.8191096"
"2020-11-07","1.8007578655262506","1.9728708169392617","1.7812143342632087","1.8644318267429723","238863519.27839434"
"2020-11-06","1.86417242652167","1.912783459079621","1.569535631167353","1.7944905235753137","238863520.1655589"
"2020-11-05","1.7635683024030064","1.8019496916413005","1.5783113626375431","1.6378720637045956","238863520.3139819"
"2020-11-04","1.6390607338969154","1.6424615032706529","1.4040202628549066","1.4210536505201663","238863520.35107303"
"2020-11-03","1.4214436613146932","1.4652057169831578","1.3248777083510415","1.4038847539917174","238863519.03492886"
"2020-11-02","1.4094209464028713","1.4413215310720071","1.3741111257594663","1.429434874090769","238863519.90113524"
"2020-11-01","1.4259192017559343","1.450055019929146","1.375338541518348","1.411874222054347","238863520.447196"
"2020-10-31","1.4181944269371902","1.4281563734700253","1.3399915785616654","1.3581633730046083","238863519.4480232"
"2020-10-30","1.3562199872314866","1.410040724056849","1.2869656815016475","1.3181095068728679","238863519.1722737"
"2020-10-29","1.314117942359244","1.3500478497157524","1.2599087098685997","1.2835653000588956","238863519.17740712"
"2020-10-28","1.2971644590632883","1.3722295731831442","1.1403818064409557","1.354343650484632","238863519.09530598"
"2020-10-27","1.3265406018778874","1.4014000811028147","1.2579388375460974","1.2748943617357422","238863520.54254425"
"2020-10-26","1.2719100119914837","1.3440054810776516","1.2222388695209605","1.3440054810776516","238863519.8021244"
"2020-10-25","1.3473048938286916","1.3707549602708586","1.271496299116805","1.3513828146463278","238863520.6858314"
"2020-10-24","1.3466708138975736","1.3776045155394157","1.3145274878212774","1.3260017835105264","238863519.46421474"
"2020-10-23","1.328933858809504","1.3594219226177036","1.2490598312232222","1.3115173381954954","238863519.06150466"
"2020-10-22","1.31716831312931","1.3455878324199986","1.1843332426556783","1.2098749132656534","238863519.1283296"
"2020-10-21","1.211498741443289","1.2609225736999776","0.9714228004992969","1.174970544285464","238863519.89297694"
"2020-10-20","1.176852547062974","1.261408413988022","1.1113910612537325","1.2240343614969191","238863519.5619191"
"2020-10-19","1.2292937908533594","1.2780152588427915","1.1735977587912128","1.242424388313518","238863520.35289273"
"2020-10-18","1.2409407566653812","1.3021950532558269","1.2027670121439105","1.25892446","238863519.95037177"
"2020-10-17","1.2462417067289258","1.3145623597929272","1.2339075708606686","1.2746187017093489","238863520.34561002"
"2020-10-16","1.276342455058181","1.3719783663409952","1.2533729217320881","1.2828221658396588","238863519.25678664"
"2020-10-15","1.2835532849589482","1.3594098581860967","1.264336146133802","1.2988222958698206","238863520.42204434"
"2020-10-14","1.3011801830275267","1.3657044864132966","1.1935706184320678","1.2902250035722045","238863519.07762524"
"2020-10-13","1.2906019869948913","1.355315616322954","1.2543213603447125","1.3510826363820105","238863520.54605535"
"2020-10-12","1.3530597681844865","1.3868609544604238","1.2397361744815991","1.3102680971627831","238863519.44486138"
"2020-10-11","1.3107695098278378","1.443445143076968","1.2949130732567034","1.3477716893249252","238863519.79980415"
"2020-10-10","1.3462986613479393","1.4196864906367188","1.3078451863539278","1.386145800132776","238863519.68601075"
"2020-10-09","1.3935261034363813","1.4157107807318983","1.2654346057995594","1.2833393232776402","238863520.2287611"
"2020-10-08","1.2785574420995753","1.3245590451377505","1.186761989276915","1.299196203696836","238863518.9867537"
"2020-10-07","1.2989404822113126","1.3344415658480484","1.1881764802323636","1.2179922889217514","238863518.88562572"
"2020-10-06","1.2192028483169786","1.3570447464305102","1.1768184242383963","1.2983224916783338","238863519.97579163"
"2020-10-05","1.2972320496811713","1.4910383971245205","1.1526512895673724","1.3090182989954269","238863520.45849407"
"2020-10-04","1.3123738944994088","1.4314737054764648","1.213174326148091","1.2144216810817152","238863519.0573403"
"2020-10-03","1.216769353542957","1.3205156125777422","1.093111784177643","1.106035305871446","238863518.9496817"
"2020-10-02","1.1077458594707883","1.129846954756087","0.9786743238444264","1.0318615715712283","238863518.97505876"
"2020-10-01","1.032011174365698","1.170866818208482","1.011734966771962","1.049841938024873","238863519.19781533"
"2020-09-30","1.0507960750685579","1.1204979113409612","0.9222848687919944","0.9515710431313087","238863520.9641506"
"2020-09-29","0.9540501587325446","1.0023595962573857","0.8985598902023901","0.912510002676676","238863518.90448102"
"2020-09-28","0.9091377840067384","0.9672320116750694","0.8961184081323946","0.9456132706354031","238863519.5079138"
"2020-09-27","0.9322299622611813","0.9349449033005728","0.8628170790653019","0.9104981617299179","238863520.13593683"
"2020-09-26","0.9133733761540151","0.9916864365678544","0.8436442994640527","0.9294718202025802","238863519.26197445"
"2020-09-25","0.9324847493390043","0.9452241220852932","0.7888674067684819","0.8455561552146933","238863520.7583496"
"2020-09-24","0.839077019035755","0.8673480692122956","0.7292479734926259","0.7325756769415039","238863518.29109085"
"2020-09-23","0.7341359658320511","0.8407120759204776","0.7103788268684161","0.7929242520394445","238863518.32503977"
"2020-09-22","0.7932183732073887","0.8136784162400971","0.699165745016699","0.7030439343137405","238863520.89098123"
"2020-09-21","0.701958183883558","0.8247570567008833","0.6572120652774615","0.7481496","238863519.77636114"
"2020-09-20","0.7519281767906699","0.8012651935095176","0.6950722728614737","0.716705599728109","238863519.02694792"
"2020-09-19","0.7147996431986341","0.8049124467684898","0.6679061985306562","0.67765571811443","238863520.37816644"
"2020-09-18","0.6757671208951439","0.7027255367324078","0.6134284650793749","0.6171076129499669","238863520.29865623"
"2020-09-17","0.6151175324239103","0.6174998592823321","0.5550230275152368","0.5882829770646303","238863520.07938918"
"2020-09-16","0.5663033829037041","0.5918960649006553","0.5461092000000001","0.5542650438617728","238863520.57777375"
"2020-09-15","0.5662743196176871","0.5932772355774133","0.538297545090239","0.5538774418832202","238863517.6378065"
"2020-09-14","0.554279221980453","0.5773829649088462","0.49489014457653185","0.5002434991806671","238863521.68792707"
"2020-09-13","0.5011850948781293","0.5639603559816184","0.49015478733901907","0.5197130434568945","238863521.19829512"
"2020-09-12","0.5219841804510739","0.6195230260250814","0.5147280418015941","0.5325055348675105","238863519.65617454"
"2020-09-11","0.5339329507355182","0.5771119735396935","0.4912771844994111","0.5145539552419933","238863521.3367553"
"2020-09-10","0.5140527053184923","0.5202172010219507","0.3802490740640949","0.4461337509991386","238863517.71254635"
"2020-09-09","0.4230125440788745","0.45989723907205043","0.39715757300526483","0.4049446901817381","238863521.1306368"
"2020-09-08","0.39843939752956825","0.43002757842450823","0.3557426064943035","0.38429939917993383","238863519.73017955"
"2020-09-07","0.3899165245736354","0.4128481400310993","0.36455914991200655","0.4101996811865278","238863519.2483477"
"2020-09-06","0.4096555869596498","0.4174423976471586","0.3594444948112203","0.3799080802397873","238863521.93602234"
"2020-09-05","0.40667859079633084","0.4124206651245041","0.35181206214304717","0.3907080723577384","238863517.70017463"
"2020-09-04","0.390779443147079","0.3987422565865299","0.3601735098114266","0.3693453800467885","238863519.21635488"
"2020-09-03","0.3644493886578629","0.39772291780452396","0.3529204929639167","0.39724685390049214","238863517.56862047"
"2020-09-02","0.39833456327502303","0.41966184653476724","0.37709428883828283","0.4166438501666873","238863521.86831504"
"2020-09-01","0.42214754372650415","0.4223500144337096","0.38942319927509","0.4082621553674477","238863517.30028"
"2020-08-31","0.41864008638873573","0.4341148035995264","0.409630388855705","0.43215667749995257","238863519.9945854"
"2020-08-30","0.4392809425440614","0.4524725228179801","0.41165167300305316","0.41165167300305316","238863521.66456226"
"2020-08-29","0.4117601459715831","0.43760325048333854","0.41051405676723474","0.4252391021846586","238863520.78320137"
"2020-08-28","0.4221533071075546","0.4471060322939897","0.4083500012412559","0.4188947634010254","238863519.68182823"
"2020-08-27","0.4173698383465541","0.45494184462832743","0.39384084200299846","0.41184174055601636","238863522.3234603"
"2020-08-26","0.41745697052204606","0.42178330236382444","0.38068655081857106","0.3969713419300325","238863516.88228554"
"2020-08-25","0.3992067082233903","0.42442673854947","0.3488721290214839","0.34912729360165307","238863517.0967869"
"2020-08-24","0.35117025639553556","0.3805514713924065","0.3494597339239607","0.3655916213465726","238863521.9214995"
"2020-08-23","0.367851046202626","0.3944823484874531","0.34991994026790596","0.37369314313561386","238863519.62018758"
"2020-08-22","0.3746307879433243","0.40240304936726035","0.3626555539479685","0.38155847655077185","238863519.4488903"
"2020-08-21","0.38283928762571373","0.4039247508578849","0.3774315563006458","0.4039247508578849","238863518.22216946"
"2020-08-20","0.4000730493264112","0.4029422975303136","0.3485906319584999","0.36618377879485176","238863516.8187211"
"2020-08-19","0.36146770153006846","0.3882832024058993","0.34899406508875436","0.3709966841345195","238863519.5452187"
"2020-08-18","0.36938071673625705","0.40410695818287057","0.358676589039678","0.3894437383936897","238863518.8367548"
"2020-08-17","0.3866613937178404","0.41621306420217424","0.37527733863942725","0.38701151084813656","238863520.9471907"
"2020-08-16","0.38974693730037235","0.4224928556035138","0.383346908635229","0.3925578293668304","238863519.66463417"
"2020-08-15","0.3892266158711193","0.4222988851591769","0.38574982186145285","0.4122076796402179","238863517.21287325"
"2020-08-14","0.4101814944430887","0.4371813102047426","0.39407960029732014","0.41467368107918456","238863518.08259392"
"2020-08-13","0.41482742749771473","0.435952862746475","0.3875676843121019","0.42092555299305195","238863519.3259399"
"2020-08-12","0.41861010590358405","0.4504323336202113","0.37060890594844276","0.3733155327090513","238863520.26117256"
"2020-08-11","0.3740390971231613","0.39643416667737597","0.35960898228752225","0.37963954193939","238863517.7779352"
"2020-08-10","0.3793892854580108","0.40276535028025523","0.37127056952916315","0.37401334039024","238863517.61107603"
"2020-08-09","0.3740679619116642","0.4081563048596317","0.36918225526602216","0.39077845498797836","238863521.6255584"
"2020-08-08","0.3916357271987355","0.4158389377569351","0.37602953291079577","0.3828840691017473","238863521.3757803"
"2020-08-07","0.38405722990769176","0.42755546276233514","0.37844794865253134","0.39795662054286984","238863521.44454977"
"2020-08-06","0.39624942237262245","0.42628843499687347","0.393215546835674","0.4009102280279785","238863517.24659726"
"2020-08-05","0.40082097928671045","0.4371325169322073","0.3923639901514262","0.4210482103472041","238863520.0598844"
"2020-08-04","0.42161595201445534","0.4643803142708559","0.4005417612865483","0.42604011417325294","238863521.39316988"
"2020-08-03","0.42440306698792185","0.4650430931987518","0.4201525687246783","0.44009228076140633","238863518.72767276"
"2020-08-02","0.43707775301960233","0.4875381979871067","0.42850289265178243","0.47620743327346327","238863519.42647144"
"2020-08-01","0.4789226834096126","0.4974604418618636","0.40928908894485416","0.4118599949505655","238863520.79988408"
"2020-07-31","0.4112527983823691","0.4234575168954888","0.39324327252068786","0.4010942413102374","238863520.72155902"
"2020-07-30","0.40058722748010134","0.4208547460022769","0.3743047405009024","0.4004339668979117","238863522.17494613"
"2020-07-29","0.4018093077940189","0.456106081811973","0.3909382339792007","0.3940606730193414","238863517.76668748"
"2020-07-28","0.3950571450678765","0.4313129535811958","0.3845530891298603","0.4055443431496814","238863518.08005765"
"2020-07-27","0.4015593144442781","0.4451099887483062","0.39828948435708733","0.41093941606925527","238863521.11200568"
"2020-07-26","0.4082503914065617","0.4475767142748638","0.3932101260481712","0.41420944631671397","238863522.64116925"
"2020-07-25","0.4144976497862515","0.42112531100261014","0.40634758641981034","0.4138735188618335","238863518.74185848"
"2020-07-24","0.41549421763369326","0.4479009531412956","0.3867866345499441","0.4354692846900409","238863517.66471317"
"2020-07-23","0.43401764457680747","0.45347353046852956","0.4244122139151446","0.44102228862800735","238863520.128702"
"2020-07-22","0.44341104533775705","0.4582255675927704","0.41385979023088604","0.4381239213909617","238863520.4411293"
"2020-07-21","0.44150892707376194","0.45078355179362545","0.39489018268469456","0.39493766386485835","238863517.1557277"
"2020-07-20","0.40331039982498174","0.4209696066685284","0.3887525667749939","0.4103093028438254","238863517.57089043"
"2020-07-19","0.41423870829260623","0.4239203832155738","0.39418225754084113","0.4130884538628113","238863521.96649182"
"2020-07-18","0.4122541225980781","0.4317255838399434","0.40009419840081917","0.40801394239950034","238863520.69387394"
"2020-07-17","0.40806667496124605","0.4488978590347675","0.38078790677848356","0.3839985102935488","238863518.0313632"
"2020-07-16","0.3797527184380915","0.40823267556120457","0.3576265464534556","0.39097168326813453","238863517.491482"
"2020-07-15","0.3896866366459997","0.4057875072039706","0.3737114052698705","0.38379366276593785","238863520.44188192"
"2020-07-14","0.38203753536119395","0.41330955132567965","0.3689033359583799","0.39115463925540167","238863521.26655775"
"2020-07-13","0.38954706962670627","0.41368120980261924","0.3379981000114109","0.3766048305169836","238863520.9518257"
"2020-07-12","0.37039231484838636","0.40418956965501085","0.37039231484838636","0.39948444343126066","238863519.7326774"
"2020-07-11","0.3982410894521396","0.4248779489658425","0.3896361378629038","0.4074721479173094","238863521.9992645"
"2020-07-10","0.3990616143486986","0.41558755606992226","0.3806568929693005","0.39175502525242684","238863521.44689578"
"2020-07-09","0.3951323008933303","0.42285613655329746","0.37494799872839135","0.4076836099438055","238863522.18287307"
"2020-07-08","0.44074000377742756","0.4544165499326477","0.3859649662234988","0.4123359470458612","238863520.3444281"
"2020-07-07","0.40949801109904493","0.439300638608686","0.3753179551485554","0.40133117277766395","238863519.5797818"
"2020-07-06","0.3972422495942396","0.4269283718571235","0.3823025337421536","0.420451351767392","238863522.10060614"
"2020-07-05","0.4227105913247708","0.4671588132019001","0.3784659176239388","0.46172734203911564","238863519.57789278"
"2020-07-04","0.4567097714985898","0.49033333578853777","0.43908004892198","0.47799199432495526","238863520.07276994"
"2020-07-03","0.4743459793367364","0.4832891190228391","0.4323335489123484","0.4509244847652726","238863521.60164005"
"2020-07-02","0.453518672325687","0.4618845694160822","0.40687316098430326","0.442936281589324","238863522.07467"
"2020-07-01","0.4432251797305012","0.49221270632339587","0.42167119228394334","0.4794740603082109","238863519.90009394"
"2020-06-30","0.4818138446191581","0.5217093322967064","0.4382709869916761","0.4600577879024113","238863517.6296147"
"2020-06-29","0.45885503497103153","0.4766098332088664","0.3856477413257997","0.4329807357440103","238863519.1011132"
"2020-06-28","0.4371954896277649","0.4425866281952656","0.37532594909678113","0.4036119080028522","238863517.9683163"
"2020-06-27","0.40318741318525975","0.4544955","0.339831604060967","0.3667176890666244","238863521.81557888"
"2020-06-26","0.36704247331464096","0.3722539964365672","0.30449476741310133","0.328973449805324","238863517.08505532"
"2020-06-25","0.3309080249417834","0.33710193540808286","0.281","0.281","238863518.46008235"
"2020-06-24","0.2869414300480769","0.31076617616987917","0.2640245136671568","0.29290649325211343","238863517.61638582"
"2020-06-23","0.2942059443209997","0.32832558297788467","0.2879405483641558","0.31024213558408986","238863519.71531743"
"2020-06-22","0.30825662955175853","0.33092658625346294","0.2646592582264925","0.27637435040321406","238863521.08222547"
"2020-06-21","0.27464336560734404","0.29192038838052936","0.25899570358170243","0.27335373546799757","238863520.30605027"
"2020-06-20","0.2747787634334382","0.2803194555688149","0.2494482","0.2551275","238863520.56861508"
"2020-06-19","0.25284729057983013","0.258394927072379","0.2134301188812986","0.22696828887516846","238863517.0937759"
"2020-06-18","0.22743623765744078","0.23269958666990426","0.20867800434027386","0.20867800434027386","238863518.23379856"
"2020-06-17","0.20951961779896194","0.2133084200289659","0.19889900663770946","0.20878052003779404","238863516.50563988"
"2020-06-16","0.20939661217758815","0.21837532300426765","0.1925093049122869","0.2029220884086815","238863523.8747831"
"2020-06-15","0.2040442360089556","0.2273053062276667","0.19516768969471135","0.21928589947778346","238863523.1256088"
"2020-06-14","0.22214259327686348","0.2434225978429861","0.2200621641299994","0.24208215174486455","238863520.16215324"
"2020-06-13","0.24216257730541152","0.2645776644447233","0.2379037150777815","0.262037462033174","238863522.93242043"
"2020-06-12","0.26004202396762366","0.28194881399857563","0.2221882880121992","0.23931027643367603","238863520.22584713"
"2020-06-11","0.24132510479554806","0.2803103626504147","0.22434380475130503","0.24622255833891626","238863517.57232496"
"2020-06-10","0.24583037309549088","0.26055135289722187","0.2303479770994052","0.2548390940458087","238863524.22660348"
"2020-06-09","0.25496009052780527","0.2644209208172381","0.22020406884746202","0.22765791199335278","238863524.3202069"
"2020-06-08","0.22743241969903816","0.2461426759299627","0.21970656719918918","0.24410723739992224","238863519.88176012"
"2020-06-07","0.24290972330681163","0.2568500078286961","0.2382108297644834","0.2500822769126634","238863520.0571604"
"2020-06-06","0.24962906390511005","0.2610138174446372","0.24845732","0.258373450268984","238863522.79508016"
"2020-06-05","0.2581253199052758","0.28172711031671466","0.25460830886504615","0.26150745946523707","238863519.81772694"
"2020-06-04","0.26467052468459035","0.28475455566505087","0.2412971288582799","0.26707647186594047","238863517.9400657"
"2020-06-03","0.26768955687065193","0.279888816663649","0.24573446355911285","0.25058362735051004","238863520.2790367"
"2020-06-02","0.24915948962645784","0.2688532541973664","0.2410077719695991","0.25933987803623254","238863519.83780068"
"2020-06-01","0.26829859228347086","0.2838916175025602","0.23048604009281434","0.24248733000573347","238863521.4311098"
"2020-05-31","0.23996084833749382","0.2701518631752445","0.22555229386617398","0.26638925901762445","238863523.17835873"
"2020-05-30","0.26695885349489606","0.2957669610772443","0.21596294987974352","0.22534912767046222","238863516.32180622"
"2020-05-29","0.2255719623886501","0.2276611674973456","0.18395373134514242","0.19254722450502765","238863518.30127272"
"2020-05-28","0.18979578975751152","0.19431269193792983","0.17674309218175582","0.1864472019830723","238863518.3278766"
"2020-05-27","0.18623592382363865","0.19546221307519593","0.17318114030984288","0.1763121583641759","238863519.34991753"
"2020-05-26","0.1757214226440979","0.18582775469208707","0.1654415183695813","0.17788470146320176","238863519.7644299"
"2020-05-25","0.1781271121184539","0.18565072386973866","0.1626403939308429","0.17154685544858195","238863514.1115502"
"2020-05-24","0.1772134697626521","0.1783716434361916","0.16278882828276175","0.16409317261834083","238863524.87002963"
"2020-05-23","0.16464187064945993","0.16629264708993213","0.15775179726200902","0.15969253228917932","238863525.9381541"
"2020-05-22","0.15595236706333443","0.16022658129052902","0.13144710307460322","0.13366701598543346","238863526.07162374"
"2020-05-21","0.13372978889336054","0.14344812823916364","0.13109045089586038","0.13748068237792516","238863512.90020847"
"2020-05-20","0.1373464881531598","0.14155512042753338","0.12900296690304286","0.13502460373989686","238863525.7873003"
"2020-05-19","0.13331996603312798","0.15005207742368576","0.1286990263584974","0.13023133370467477","238863527.06730458"
"2020-05-18","0.13142369415176644","0.14150228810200174","0.12554121301621288","0.13089668515735167","238863518.9789944"
"2020-05-17","0.12436233725358153","0.12973895713092057","0.12066630312326601","0.12397991520893589","238863525.76387337"
"2020-05-16","0.12317370751642207","0.12846772453192676","0.11826124235213908","0.12413741360421296","238863526.78171608"
"2020-05-15","0.12325751441619506","0.12998700000000002","0.1170643137820489","0.12101950120118096","238863517.16430748"
"2020-05-14","0.12270446787275074","0.12270446787275074","0.11658656346145818","0.12032991245042497","238863513.34767672"
"2020-05-13","0.12024298005777756","0.12046982785942272","0.11299313188535423","0.11423062897019859","238863510.534994"
"2020-05-12","0.11244949075683705","0.118236","0.1112125019674483","0.11328194816199871","238863520.64085338"
"2020-05-11","0.11321662628784404","0.11709935740964275","0.1115956657006558","0.11585790947300001","238863523.62813926"
"2020-05-10","0.11400878841187913","0.12534976400526743","0.11054527992108348","0.12413221130293012","238863523.9142462"
"2020-05-09","0.1293268271544863","0.1359376265936162","0.12519654856481657","0.13257743827481785","238863523.28069472"
"2020-05-08","0.13231619292698082","0.13272195569937947","0.1255940451413995","0.12846763480913145","238863527.83613726"
"2020-05-07","0.13000764815140003","0.13361860168978199","0.12207205357447581","0.12353058644789434","238863515.7339447"
"2020-05-06","0.12489310046723232","0.12836798356977352","0.11834696497046397","0.11863719767735705","238863514.85809308"
"2020-05-05","0.11946767996510237","0.12480828291287552","0.11425715213405066","0.1166175723909151","238863515.3332759"
"2020-05-04","0.11927232874601315","0.1219657741689129","0.11275283263850344","0.11883306460841425","238863527.44170234"
"2020-05-03","0.11835416756094215","0.12509","0.11461819866773411","0.1230958059170056","238863526.35944682"
"2020-05-02","0.12355696800213294","0.12517831787009243","0.1179523849039198","0.11913569603651303","238863517.89456618"
"2020-05-01","0.11884322034143129","0.12408320684366982","0.11277758220116813","0.11460955065558624","238863518.52701056"
"2020-04-30","0.11460500682271599","0.12568716533756077","0.10785047742158486","0.1212","238863517.45582905"
"2020-04-29","0.12151353841696327","0.12392226981407074","0.11017725604496842","0.11017725604496842","238863525.21691957"
"2020-04-28","0.10902423555303242","0.11125000107332922","0.10404423467868444","0.11125000107332922","238863516.2136941"
"2020-04-27","0.11098082088352179","0.11098082088352179","0.10026784015778624","0.10419920615317733","238863518.55653268"
"2020-04-26","0.10911502062589466","0.10943480869791529","0.10207454835353409","0.10778514357001713","238863514.2876872"
"2020-04-25","0.10623094785947829","0.10877998161564875","0.10263237403867213","0.10669490990485858","238863523.66013986"
"2020-04-24","0.10650557530836136","0.10744882329585748","0.09721641418310148","0.09936525358667403","238863513.02747405"
"2020-04-23","0.10222627841909325","0.10465870963715833","0.09359680252953985","0.09465041545137065","238863523.2260334"
"2020-04-22","0.09487392893004716","0.09888281456908944","0.09089373857648536","0.09089373857648536","238863520.71937078"
"2020-04-21","0.0924978198222128","0.09784699480387796","0.09043758937617924","0.09369894517358861","238863508.2526203"
"2020-04-20","0.09583158606861295","0.10333602366246024","0.08913142623860815","0.0969903","238863520.96162945"
"2020-04-19","0.09769110394932087","0.10642807419133819","0.09558816728176642","0.10365385275920792","238863521.73490876"
"2020-04-18","0.10458400844034105","0.10458400844034105","0.09671582399753023","0.0994656018223607","238863522.72291094"
"2020-04-17","0.09845080463559956","0.09872160905648414","0.09049453960258572","0.0936750596610457","238863518.03174183"
"2020-04-16","0.0919908","0.09736792505213716","0.0848567503746089","0.0857613027272105","238863525.90698603"
"2020-04-15","0.09222506087448461","0.09852099836779758","0.07762352516936946","0.08127680981059968","238863508.4669718"
"2020-04-14","0.08103578595300062","0.08359835099438268","0.0795655102235739","0.08195718791977019","238863529.0953066"
"2020-04-13","0.08296755350788436","0.08301946192068864","0.07463347532880252","0.08069394088587666","238863514.20531192"
"2020-04-12","0.08140555924680018","0.08375787454558148","0.0738917999518666","0.0760228","238863520.26578677"
"2020-04-11","0.0763550300068131","0.08004","0.07081208018644866","0.07372290760009045","238863505.75887537"
"2020-04-10","0.07478641132117773","0.07695379999999999","0.06965154427030275","0.07502064592780756","238863534.84048936"
"2020-04-09","0.07581259238224139","0.08006677029270852","0.07283356957705224","0.07709774197401506","238863508.83403632"
"2020-04-08","0.07729429885324632","0.08692315970168327","0.07244820529718865","0.07822100727820068","238863505.9274813"
"2020-04-07","0.07678044870636545","0.08061714174928294","0.07328753614715691","0.07824193271376981","238863516.91575074"
"2020-04-06","0.07987544658323882","0.08020747677951101","0.07374882563187697","0.07825224743809277","238863528.8259814"
"2020-04-05","0.07817622834542669","0.079976","0.07542399337364064","0.07834183987214702","238863504.60315382"
"2020-04-04","0.07686504529678063","0.07811785045075247","0.07481672731061476","0.07768036638715847","238863524.9916288"
"2020-04-03","0.07965575448433118","0.08258873966347684","0.07669935660306419","0.0819672","238863507.45806172"
"2020-04-02","0.08103291903583255","0.08210186785520776","0.07525298701906478","0.07765453682387537","238863511.1951065"
"2020-04-01","0.07696922160932583","0.082167404686941","0.0724792328739576","0.07324773025634729","238863522.22930413"
"2020-03-31","0.07388045902000988","0.07840349409819365","0.07137511567910171","0.076701501591496","238863526.4838995"
"2020-03-30","0.07676800326697965","0.08082402743435578","0.07088600359058356","0.07371544693691046","238863534.35271403"
"2020-03-29","0.07379216620209396","0.07735668803102334","0.07141027901146355","0.07733409721440354","238863528.5374784"
"2020-03-28","0.07721555805329623","0.08026054676041892","0.07152472243894108","0.08026054676041892","238863524.22091958"
"2020-03-27","0.08284000807208886","0.08544024758154993","0.07977694360892483","0.0846330767734419","238863523.73515633"
"2020-03-26","0.08458827043866843","0.08515075362869051","0.07934799109715183","0.08157116083119025","238863529.51646385"
"2020-03-25","0.0816802023163961","0.08322402781716542","0.07617256475023162","0.07966290543253308","238863527.61246988"
"2020-03-24","0.08260587893547382","0.0864952232414979","0.07418208947286681","0.07685835567241134","238863517.66483238"
"2020-03-23","0.07176349130966436","0.0796159664913729","0.06894773283041096","0.07010562413098585","238863532.96686077"
"2020-03-22","0.07343747099636336","0.08173757339305328","0.07286341839252464","0.0796360607488008","238863528.2018481"
"2020-03-21","0.07873380349988762","0.08399681266310323","0.07517743466195256","0.07580842205894477","238863517.30483153"
"2020-03-20","0.07807974463121126","0.09202474900308694","0.07007220500619925","0.08418870625722501","238863507.902768"
"2020-03-19","0.08382999671566124","0.08630822468261888","0.06648662604349827","0.06797949743131251","238863537.7197859"
"2020-03-18","0.0674644080701102","0.06927124251961583","0.0628748483914978","0.06489994370996398","238863526.89982212"
"2020-03-17","0.06453919436630198","0.07014644028841019","0.060860671260795564","0.06130355266811358","238863504.94012243"
"2020-03-16","0.06169597198326607","0.0812293162228131","0.05811109450181451","0.06658500839073489","238863522.03650266"
"2020-03-15","0.06953904032958538","0.07887627888060525","0.06856188694314035","0.075073487454727","238863527.6476292"
"2020-03-14","0.0756105412416036","0.08356080237468319","0.07482762411849944","0.07861372665290375","238863514.08679837"
"2020-03-13","0.07748991140946147","0.07895826627392669","0.048444531120103204","0.05504552700490557","238863532.51488006"
"2020-03-12","0.05184660931512123","0.09185424385592114","0.05105402681771372","0.09137624481294536","238863526.40229717"
"2020-03-11","0.09143236226036283","0.1018349484575102","0.08632268405031143","0.09861786444543229","238863513.73334077"
"2020-03-10","0.09883932989017932","0.10318542395320694","0.0953582554299573","0.10189249361973737","238863510.82291484"
"2020-03-09","0.10167467532817528","0.11089780107793817","0.09932882536196211","0.10835442091344116","238863522.903604"
"2020-03-08","0.10537359218655219","0.12844773257275097","0.10537359218655219","0.12773855379479543","238863523.50093457"
"2020-03-07","0.1290812458465919","0.1325646672738946","0.1277585066679129","0.13138762732870007","238863510.98382863"
"2020-03-06","0.13098772971307462","0.13178975749508778","0.12630623373787347","0.12642392812172473","238863512.98127615"
"2020-03-05","0.1270153940502951","0.14122060031414785","0.12382561865426898","0.13530526907687127","238863513.84687573"
"2020-03-04","0.13578330342091885","0.13919189388037204","0.12766416201363792","0.13195299565386184","238863526.6485698"
"2020-03-03","0.1326193927714536","0.1411526107608786","0.11911085981324038","0.12859043943894888","238863510.40447417"
"2020-03-02","0.12320739424187879","0.1296305144649689","0.11361723991937664","0.11822835114700177","238863529.26253012"
"2020-03-01","0.12125879084994773","0.12501798380436885","0.11704935705936231","0.12418709561061407","238863527.63248906"
"2020-02-29","0.12374308209430172","0.13438064565159638","0.12374308209430172","0.13339919224691427","238863516.55572957"
"2020-02-28","0.13217258409104418","0.13942201309908386","0.12822593471654764","0.13263650869961827","238863511.05206802"
"2020-02-27","0.13183271526361814","0.13601898546601174","0.11913476903295653","0.12416960473521238","238863521.4679771"
"2020-02-26","0.12771975789220102","0.1367708953509592","0.12181834116645932","0.1351391499958105","238863515.22308218"
"2020-02-25","0.13426926907421208","0.14744024472983702","0.13268905084492175","0.14028020593735732","238863525.05812436"
"2020-02-24","0.143270840860172","0.14857949813470536","0.1358536776263191","0.14617552168268735","238863525.86316457"
"2020-02-23","0.14672607836882104","0.1643384916562538","0.14112411545444312","0.14695553220135268","238863514.4064673"
"2020-02-22","0.1484508180421966","0.15283555109585586","0.13402118991578982","0.14507862415091125","238863523.48808476"
"2020-02-21","0.14544471927947802","0.16303196503761763","0.13980196819351126","0.14944890992698545","238863514.360948"
"2020-02-20","0.13992286269007234","0.15094357266793923","0.1388059293966992","0.1437467029223168","238863525.46802056"
"2020-02-19","0.13792213131495332","0.16330233693206986","0.13391599511121913","0.16003696661636943","238863524.93901607"
"2020-02-18","0.15386111611907483","0.16377578266753304","0.1532191679863171","0.16256687639291728","238863520.49500963"
"2020-02-17","0.16025143700638012","0.16050349162624938","0.13821627424673663","0.15713195935171065","238863524.09792548"
"2020-02-16","0.157142244234209","0.16809675370388907","0.1486021573161807","0.16096733647554312","238863525.05413845"
"2020-02-15","0.16478429587990517","0.1709733005389587","0.16082542118218007","0.1634088551816266","238863515.02969936"
"2020-02-14","0.1549303336363859","0.17090933195043959","0.15223489960576136","0.17047386658530425","238863526.57557124"
"2020-02-13","0.16772044664380756","0.18122242605020622","0.16478286333872175","0.17070627551800555","238863515.24092805"
"2020-02-12","0.1714264623130372","0.17962241610800628","0.16670895888427484","0.1729036101538189","238863522.0795583"
"2020-02-11","0.17154482260334386","0.17394406423373282","0.15290703372711736","0.16490550678089172","238863517.16708508"
"2020-02-10","0.16536426226665996","0.17163330067970495","0.15510328648311164","0.16598407541518007","238863523.67571467"
"2020-02-09","0.1670915044965351","0.17578837476258793","0.16546524828206743","0.17171955940060607","238863514.03131175"
"2020-02-08","0.1711064367839398","0.1743369218735495","0.16158468587118713","0.169727156553039","238863512.97530192"
"2020-02-07","0.16995846716537352","0.1746543168997836","0.15854843797208207","0.16675520782044587","238863522.29383197"
"2020-02-06","0.16648601774934532","0.1809832088562751","0.15379657055371168","0.1677449100357826","238863525.69172177"
"2020-02-05","0.16774486313276965","0.17883921334431424","0.16263263918493476","0.1641311578958326",""
"2020-02-04","0.16556919930860073","0.17220207115201291","0.157888647121537","0.16628831722391102",""
"2020-02-03","0.16579906051105456","0.16936908360889635","0.15768420041005893","0.1593192515402528",""
"2020-02-02","0.16198953395888907","0.16464059368885176","0.15201534650887139","0.15623064549265595",""
"2020-02-01","0.1566217016113869","0.15945036380859584","0.1504775653917366","0.1548150530084243",""
"2020-01-31","0.15551396338799342","0.15643576887777733","0.14736692640073834","0.15186393406968976",""
"2020-01-30","0.15059437874826417","0.15918444647596908","0.14720654159237156","0.14826926545245533",""
"2020-01-29","0.15518998772559056","0.16208000464039898","0.14758195862519585","0.15875752093566822",""
"2020-01-28","0.1556584388969429","0.16089736488866363","0.14649160688440233","0.15389906876920784",""
"2020-01-27","0.1536232025316221","0.15869774023391897","0.13760916612652735","0.1403697732573713",""
"2020-01-26","0.13979978401117826","0.1414942530371432","0.1323515390917432","0.13324575755310156",""
"2020-01-25","0.13361502620318821","0.13443181398330645","0.12683063921888438","0.13369042475277623",""
"2020-01-24","0.13377749719461554","0.1341654097787775","0.1271735716652766","0.13181984224081486",""
"2020-01-23","0.13196437839290942","0.13634104728478144","0.12636080820967838","0.13289784735241292",""
"2020-01-22","0.13322808948634082","0.14289777007696575","0.1288886300255699","0.138497083287024",""
"2020-01-21","0.13689633710748708","0.1458318016747399","0.1261284606095263","0.13199489531984349",""
"2020-01-20","0.13100363323958866","0.13847176890767096","0.12420122123912825","0.1361846766084138",""
"2020-01-19","0.13582390733194946","0.14917381129885793","0.12335540216811094","0.14662048235427194",""
"2020-01-18","0.14374580698827374","0.1492352594507611","0.13004336018243817","0.13891923742923906",""
"2020-01-17","0.135027120270664","0.14786882540738305","0.1296445108938474","0.14174398395394447",""
"2020-01-16","0.14174332589858996","0.14748326755484867","0.13317887840996623","0.14587245223659123",""
"2020-01-15","0.1493450386371322","0.15137542920402478","0.1392815410892817","0.1457168822587478",""
"2020-01-14","0.1455687238339679","0.1480508196784736","0.13035035174558526","0.1461754548796516",""
"2020-01-13","0.14641616053564338","0.1483523605052586","0.13201948819796197","0.1483523605052586",""
"2020-01-12","0.14743886696301323","0.14855268762328364","0.13175833238121512","0.13941266829000082",""
"2020-01-11","0.13970463336034372","0.1491131798888055","0.1344849587416716","0.14631212343227584",""
"2020-01-10","0.14661104917920637","0.1501203592149952","0.13483293495141965","0.14130643788441405",""
"2020-01-09","0.14182623828653845","0.15134921045459757","0.13460282277258048","0.14923583318322892",""
"2020-01-08","0.1509445401155189","0.15683179284892027","0.14463295449156807","0.151999795956523",""
"2020-01-07","0.1459968854864183","0.15308618402278096","0.14202162213595887","0.14373277575868737",""
"2020-01-06","0.1402282757440399","0.1548397866145952","0.12931455097096617","0.14730346100436942",""
"2020-01-05","0.14732023385956278","0.1539931739087174","0.1429931302552993","0.14803676590493187",""
"2020-01-04","0.14835558586121236","0.15020058875875725","0.1426548745435848","0.14804411238926127",""
"2020-01-03","0.14662710081696578","0.1520173343329248","0.1355688818900582","0.13561886916300595",""
"2020-01-02","0.13444278814750532","0.14701980041915896","0.13219456436875548","0.14401937418481411",""
"2020-01-01","0.14347585622481968","0.15025467368518075","0.13909061595778321","0.14230461576748585",""
"2019-12-31","0.1422953854688072","0.15849476193169085","0.1266477659670546","0.15566290067583274",""
"2019-12-30","0.15571731448229284","0.16399202990368814","0.11883016625735082","0.1618037141954621",""
"2019-12-29","0.16139577672885136","0.1653830770095359","0.10727133239391334","0.1574036964972004",""
"2019-12-28","0.157382503510917","0.15814714384401746","0.12640822900092297","0.1271112198746247",""
"2019-12-27","0.1277492300036823","0.13102515159626657","0.11093344733187949","0.11139323022820329",""
"2019-12-26","0.1121913781025452","0.11375254799264764","0.10835938827301975","0.10835938827301975",""
"2019-12-25","0.10869475153855399","0.10869475153855399","0.1036966919627934","0.10625953852704814",""
"2019-12-24","0.10640625128418572","0.10740774220823555","0.09497590734493569","0.0982060283064913",""
"2019-12-23","0.09786948738318302","0.11332787444889064","0.09596158372526385","0.10272009660925013",""
"2019-12-22","0.10225066478746422","0.10334188100585426","0.08313818434035215","0.08326781117252421",""
"2019-12-21","0.08321032860112812","0.08548021693613675","0.08099959564846589","0.08392292896561249",""
"2019-12-20","0.08342149114194444","0.08429888418147578","0.0766997703080812","0.07699924460944998",""
"2019-12-19","0.07711188733904181","0.07798787485737463","0.0714977514296346","0.07530227645705122",""
"2019-12-18","0.07386536829402775","0.07632635347314463","0.06044716759304036","0.061213427103125356",""
"2019-12-17","0.061262838458844074","0.06957449059465977","0.05853499120328988","0.06935714506118884",""
"2019-12-16","0.06933359614265895","0.07504405817201593","0.06642303296164327","0.07492065245974704",""
"2019-12-15","0.07482739741535999","0.07535888056269714","0.06365817111769859","0.06590259153053399",""
"2019-12-14","0.06594657840731583","0.06712179576711677","0.06555289601814013","0.06601289101742619",""
"2019-12-13","0.0660903069153997","0.07076542561539187","0.06352750102682747","0.06578908816037758",""
"2019-12-12","0.06572659309099818","0.07622108192577856","0.0629419990788113","0.06389846193794933",""
"2019-12-11","0.06590228263526073","0.07149623195371312","0.0642483054447045","0.07071288636605055",""
"2019-12-10","0.07079748108921091","0.0776315134317182","0.06377540028202185","0.06764947008285788",""
"2019-12-09","0.068467981091686","0.08308989805188116","0.06642463812227825","0.0784023196579531",""
"2019-12-08","0.08020712769210944","0.08525611275431208","0.07465870712930438","0.07756257017577496",""
"2019-12-07","0.07435912610711315","0.07786176703576492","0.07422135131999295","0.07600338903315833",""
"2019-12-06","0.07577506043932841","0.08388062727342374","0.06823363432455443","0.07441420446618119",""
"2019-12-05","0.07437601955901096","0.08153549307065083","0.06457284666722513","0.0665789559007841",""
"2019-12-04","0.08017710124600717","0.08017710124600717","0.06381247731593123","0.07658682652251887",""
"2019-12-03","0.078567756840094","0.08650474784629206","0.06200877760677735","0.08329746635151453",""
"2019-12-02","0.0831823400967645","0.1297593382362094","0.06877307835446492","0.07533598985781727",""
"2019-12-01","0.07413570400301821","0.13016032694063115","0.06547381263845099","0.06741033035267059",""
"2019-11-30","0.06734452030735338","0.06808175249366642","0.055915859950233154","0.0578891802852716",""
"2019-11-29","0.05824968863216801","0.05824968863216801","0.05186260322621851","0.051904800620809155",""
"2019-11-28","0.05200673674309412","0.05400287793234099","0.04785773894510999","0.04991758049483737",""
"2019-11-27","0.04955154918534271","0.05010081389542227","0.041065854263882436","0.041065854263882436",""
"2019-11-26","0.04074586970547429","0.04388150936778344","0.035502153854278344","0.037025223235115944",""
"2019-11-25","0.03581368917982253","0.03774130758107878","0.03266117756829553","0.03774130758107878",""
"2019-11-24","0.036091804682723674","0.03765094254149401","0.03530911313762277","0.03747388512247596",""
"2019-11-23","0.03815217480187427","0.03858967371807429","0.036897752941856585","0.03721651835875354",""
"2019-11-22","0.037227847968677084","0.041087426204717385","0.03593956908970903","0.038213317874585075",""
"2019-11-21","0.038571721507297055","0.04263590403854801","0.038136781696763176","0.04263590403854801",""
"2019-11-20","0.04117991594171165","0.04556629801938887","0.04038301402828074","0.04222475368618522",""
"2019-11-19","0.04216054046122139","0.04459410727812128","0.0324017985243284","0.043768515499179254",""
"2019-11-18","0.04405361518673604","0.0469869607720097","0.04022944122847219","0.046384070370408266",""
"2019-11-17","0.046738011440359925","0.04920942275069183","0.04405913815631066","0.04724699794528802",""
"2019-11-16","0.047374638107963996","0.04861599650079334","0.04373101972787625","0.04794868756309179",""
"2019-11-15","0.04716440943646875","0.047964156361428346","0.046741030536679974","0.047964156361428346",""
"2019-11-14","0.04889725752781295","0.05158995901897354","0.04838105420821369","0.04989259766966691",""
"2019-11-13","0.048450855424153366","0.05794750918489817","0.04814367314135603","0.049308357096583995",""
"2019-11-12","0.04931241558621911","0.050763765962966806","0.04718216924031733","0.04830721236739684",""
"2019-11-11","0.04930295040999431","0.0497983663852036","0.0464679572296431","0.048171772044730644",""
"2019-11-10","0.0506945520447169","0.052266021940504725","0.04733148319182514","0.04911995017349667",""
"2019-11-09","0.04943661268073397","0.05242707265330951","0.04618493709566151","0.04619876220045341",""
"2019-11-08","0.04687443232305077","0.05141095231181822","0.04604438440364541","0.049737351615749915",""
"2019-11-07","0.04964220857620112","0.05042353820986362","0.04691977600742818","0.05034152294418508",""
"2019-11-06","0.05005946791565789","0.05071857082462077","0.046535460298462256","0.04799800486817589",""
"2019-11-05","0.04506676653172201","0.04736176822771699","0.04277901159206476","0.046196960519316266",""
"2019-11-04","0.04635011073681899","0.04681502674012626","0.04111137800749813","0.045234872343448765",""
"2019-11-03","0.045304781861317235","0.05106983342583479","0.04445048917000143","0.05058465890848755",""
"2019-11-02","0.04963292725692632","0.05119043301164512","0.048065423028897186","0.05038001583614379",""
"2019-11-01","0.05028548432630563","0.05127711071030227","0.04782262036219382","0.048126230418628506",""
"2019-10-31","0.05045890703123368","0.052219859777112194","0.04647759403243715","0.05134128589274088",""
"2019-10-30","0.05110387221029852","0.05484189243243469","0.044156954854282546","0.052889186859845894",""
"2019-10-29","0.0531084740752456","0.05552104514329489","0.048975843619014414","0.05228267082939639",""
"2019-10-28","0.052521311112868334","0.05548705335384925","0.04952459491691273","0.05391724062194838",""
"2019-10-27","0.05305820846046641","0.05957066732917969","0.04964464888135554","0.057253838099091986",""
"2019-10-26","0.057112742888205455","0.06386853168255786","0.0500055543423772","0.05933926401652078",""
"2019-10-25","0.05625965066377081","0.05778620247660894","0.0504778400991858","0.05162561270122124",""
"2019-10-24","0.051633222062839546","0.05215636140377991","0.048708839830936025","0.051614016960747584",""
"2019-10-23","0.050550190070750824","0.054671998312652625","0.04790396361707176","0.05433121956717227",""
"2019-10-22","0.054209213421814006","0.05760698158274779","0.05383887688154276","0.05720268882625331",""
"2019-10-21","0.057769063103613856","0.059479546543437053","0.05625381698824492","0.058461478251657026",""
"2019-10-20","0.05932884901871888","0.05932884901871888","0.0548901008764206","0.05668348817849639",""
"2019-10-19","0.05698590694865127","0.05799702749857215","0.0552027068584119","0.05688777027358607",""
"2019-10-18","0.05785531614862774","0.05867707838684819","0.054510094335748195","0.05849495743893163",""
"2019-10-17","0.0586004596965621","0.058762386105311634","0.05556238435356517","0.05608219183975237",""
"2019-10-16","0.05624423134514684","0.0594246081","0.055165043139600065","0.058994192400000006",""
"2019-10-15","0.058381826580286546","0.06329232711780981","0.05676513913966254","0.06329232711780981",""
"2019-10-14","0.06298262352621795","0.0647678158946945","0.05913643887379431","0.06248156578426408",""
"2019-10-13","0.0624560716772259","0.06479764281198362","0.060489893500942166","0.06239273568206975",""
"2019-10-12","0.06176442304663528","0.06403890318069644","0.05894432197489927","0.06242533745876164",""
"2019-10-11","0.06079724917928708","0.06477035736938129","0.05964840728638742","0.06477035736938129",""
"2019-10-10","0.06462043507495349","0.06638499583790809","0.0599477614130305","0.06566334659782253",""
"2019-10-09","0.06626324748421976","0.06629670048099755","0.05922136080207111","0.05922136080207111",""
"2019-10-08","0.0598935172550034","0.06256120817958477","0.058207394629446345","0.05927986295856453",""
"2019-10-07","0.059169583373901616","0.062307721968175855","0.05581798448528722","0.05643973609167471",""
"2019-10-06","0.058534193518637194","0.06208915586026706","0.054130645963607185","0.06166589617212061",""
"2019-10-05","0.061781816767013886","0.061781816767013886","0.05575118599749427","0.058713903036371876",""
"2019-10-04","0.05811887450533251","0.060711760165616795","0.056445001528954084","0.058414603703212734",""
"2019-10-03","0.06001511820886745","0.06273493245830504","0.056324341207527315","0.060949051792533196",""
"2019-10-02","0.06244112570271873","0.06244112570271873","0.05501312714130373","0.05875935326674391",""
"2019-10-01","0.05997406511270184","0.0628631788491179","0.05528893204069286","0.05873495627137605",""
"2019-09-30","0.057963373500658555","0.06128179793448155","0.0541771144886223","0.060048111045144924",""
"2019-09-29","0.06064574583428879","0.06329535518894319","0.055968827001737435","0.06287013581399561",""
"2019-09-28","0.061471118493924386","0.0639905036660251","0.05575070156432138","0.060486474770155514",""
"2019-09-27","0.06067335325114796","0.06119704385017193","0.0487687397156047","0.05879766313635333",""
"2019-09-26","0.05867717722354195","0.062466658321530005","0.0548147405863737","0.06214270465313942",""
"2019-09-25","0.06315323899246485","0.06318893459267579","0.049435772446271994","0.054219973475956196",""
"2019-09-24","0.04982178843719054","0.0648057418881318","0.04982178843719054","0.06132622250209058",""
"2019-09-23","0.06194492684969215","0.07137885879249331","0.05740293992851776","0.06917733174119707",""
"2019-09-22","0.06902917244517186","0.07009731617594896","0.06476092137833883","0.06601734424904102",""
"2019-09-21","0.06576955344033111","0.07024132235091593","0.06486433005134988","0.06643819744028728",""
"2019-09-20","0.06924053049029509","0.0709993973598011","0.06459647847273228","0.06746315043866938",""
"2019-09-19","0.0674508277833514","0.07125054129724002","0.05535786392575797","0.06136045904013822",""
"2019-09-18","0.07019930870997274","0.0741960465534284","0.04297518970583433","0.07024520721941727",""
"2019-09-17","0.06997660679316949","0.07315499805890373","0.06428281921298674","0.06541103878932808",""
"2019-09-16","0.0661010120480746","0.06876929505423021","0.059933844592873875","0.06724468810710858",""
"2019-09-15","0.06712085647182439","0.06760647263906042","0.0625349017429185","0.06630726142124403",""
"2019-09-14","0.06680992254801824","0.06715764433911697","0.05709472270032146","0.06098894034803427",""
"2019-09-13","0.06120571196293742","0.06430661259126905","0.058947575999731466","0.06182607817461789",""
"2019-09-12","0.062013666792565696","0.06305420254086275","0.05855228494727788","0.058952663100021424",""
"2019-09-11","0.0592693294067193","0.06166701553296684","0.05838722112043132","0.061500907104871105",""
"2019-09-10","0.06082865650345183","0.06353643244498272","0.05749145395624482","0.06171966506257251",""
"2019-09-09","0.061769287690388634","0.062176193351050686","0.05415854421330765","0.05680773736784453",""
"2019-09-08","0.057752508990220386","0.06146634987652154","0.053958140515749674","0.058669189774777745",""
"2019-09-07","0.058219069696254115","0.05872209266534736","0.050163139574385056","0.05790891298290644",""
"2019-09-06","0.057654649724436645","0.06347184824054357","0.05324505553565895","0.05927756254578525",""
"2019-09-05","0.06033795356845861","0.06115381389851933","0.05316280346385447","0.056435129245656364",""
"2019-09-04","0.057551737335599845","0.061839748498012964","0.05096745971891889","0.05887688485551279",""
"2019-09-03","0.05904287713333137","0.06201358774889359","0.046993138626809046","0.060995372326376474",""
"2019-09-02","0.06085847929188028","0.06196306314121338","0.05510880836792943","0.058103035456230336",""
"2019-09-01","0.05814340708939204","0.06072972778085307","0.053627461921824625","0.05928586775232055",""
"2019-08-31","0.058304282159260076","0.06085152083253556","0.05119153324989","0.05626281183131527",""
"2019-08-30","0.057621147990741264","0.06822120154245241","0.04949334061019643","0.06293162269014761",""
"2019-08-29","0.06228533604750519","0.06406492230423005","0.0588880624378363","0.06337537201654761",""
"2019-08-28","0.07114832666317357","0.07571891158430258","0.06220667324957557","0.07138323011969039",""
"2019-08-27","0.07162993986049405","0.07659752919299556","0.06427080926165221","0.07174362886519964",""
"2019-08-26","0.07144765529135241","0.07683962169965802","0.06327502473119648","0.07389641088314222",""
"2019-08-25","0.07317448175757367","0.0807818334915596","0.06989171506139609","0.0807799262354271",""
"2019-08-24","0.07553047917007594","0.08135911625874212","0.07553047917007594","0.08135911625874212",""
"2019-08-23","0.07978000332635228","0.08564181811186251","0.07656807703247755","0.07810709869843815",""
"2019-08-22","0.07846327109463441","0.0823182371760847","0.07353699062471714","0.07623834946399245",""
"2019-08-21","0.07545706857817541","0.08116014163793248","0.06704232189523522","0.07201797360449361",""
"2019-08-20","0.07442267116601724","0.07527129783423896","0.06830794767609559","0.07434363734390094",""
"2019-08-19","0.07067089654267368","0.07494076343087536","0.06546077805760345","0.06951179920878325",""
"2019-08-18","0.0702010414176181","0.07207846996320831","0.06520264794725036","0.0709151859471678",""
"2019-08-17","0.07196654901749994","0.07224137546103701","0.062056235085616765","0.06387119216673484",""
"2019-08-16","0.06445863574174539","0.07139691150630241","0.06162583502494221","0.06563037440006053",""
"2019-08-15","0.06689123087638385","0.07288123276779994","0.06297036611754406","0.067103358863035",""
"2019-08-14","0.06665428156894995","0.08589291411630681","0.06497153767203716","0.07110036521009169",""
"2019-08-13","0.07089181336437549","0.07768075246393341","0.058625088076031076","0.0630595477040929",""
"2019-08-12","0.06273540337844667","0.08038286522655004","0.06043711376623945","0.06497294854366265",""
"2019-08-11","0.066131077614986","0.07104176374432644","0.059151505440428","0.059404790842572955",""
"2019-08-10","0.05912313472963835","0.06512727627789158","0.05858974027507296","0.059672339964401674",""
"2019-08-09","0.05878139961295502","0.06431698399758667","0.05720044890062925","0.06207935397923943",""
"2019-08-08","0.06225509983173456","0.06478923736144662","0.055604873185726864","0.05970488477760844",""
"2019-08-07","0.06056858437446444","0.06383174838213768","0.052913663238487105","0.0548024590212645",""
"2019-08-06","0.05483057902782428","0.05836042058340762","0.05009505043622566","0.05505001116844144",""
"2019-08-05","0.054969041527325346","0.05873441929597409","0.04771403939524155","0.05670291353171478",""
"2019-08-04","0.0557798285041696","0.05757323388897554","0.05253062681653614","0.05534726806555989",""
"2019-08-03","0.05514544043655555","0.060328271982448556","0.049433590700393194","0.05645632914874967",""
"2019-08-02","0.058190088317830485","0.059562233954323626","0.054367322331919245","0.0561322573439797",""
"2019-08-01","0.05609155030929337","0.05934455227329154","0.05116625791262167","0.05405844999968198",""
"2019-07-31","0.05440248138989309","0.058285280420368735","0.04990073934701239","0.05028756678381094",""
"2019-07-30","0.05115033368539408","0.061184796447135766","0.045716112609350636","0.05268045905176397",""
"2019-07-29","0.05267535774049942","0.05867493548264182","0.047393892839515034","0.05793493823071263",""
"2019-07-28","0.057860906764131255","0.05855732876820885","0.054337273019521376","0.05663681658820296",""
"2019-07-27","0.05681161246254257","0.061539019546719684","0.056187632505757396","0.06035606183668193",""
"2019-07-26","0.059850054198439494","0.06094669089673986","0.05874038696751438","0.05922117743658463",""
"2019-07-25","0.06148120734657864","0.06329376135286938","0.05935991067826814","0.06251596050615763",""
"2019-07-24","0.06039563080324814","0.0634676158129339","0.04826474844852315","0.05103640680200741",""
"2019-07-23","0.054025229890989734","0.06279414537938606","0.05047016386239996","0.061805852195721406",""
"2019-07-22","0.06148917632809375","0.06358920531237384","0.057587144787299996","0.06252676657279553",""
"2019-07-21","0.06361843702355596","0.06392729007601497","0.06007148997110796","0.06267045962258971",""
"2019-07-20","0.0651217995002069","0.06608861247081685","0.05417309340622263","0.06248547299321354",""
"2019-07-19","0.060808270296824334","0.06487395673982307","0.057155059631122856","0.06186433627877958",""
"2019-07-18","0.06196594162557658","0.06203579877269694","0.05416239861039866","0.05530302517353171",""
"2019-07-17","0.05546108628032487","0.05776831155252452","0.03835255336937168","0.05234606396482701",""
"2019-07-16","0.05238938979938019","0.06315432991287308","0.05164100421648422","0.05728961127431527",""
"2019-07-15","0.06013613795778396","0.06067740115998079","0.04834166963453313","0.05890522491802264",""
"2019-07-14","0.05861466582055331","0.06909395710660873","0.05861466582055331","0.0657481681305965",""
"2019-07-13","0.06516636786455039","0.07283205644173052","0.051991255729414244","0.07171294423822169",""
"2019-07-12","0.07172004725594784","0.07356474627047513","0.06776595967145567","0.0711675094262886",""
"2019-07-11","0.07000155461031533","0.0747835819681541","0.06862763485208398","0.0747835819681541",""
"2019-07-10","0.0755014786167727","0.08332183063208558","0.0704780123347061","0.07803011216842443",""
"2019-07-09","0.07540810383882736","0.0813668889635669","0.07490031525606065","0.07716912643987005",""
"2019-07-08","0.0768675918973283","0.08002095771168985","0.07073510698965661","0.08002095771168985",""
"2019-07-07","0.0754732984870391","0.07780431760084693","0.07015080993935321","0.071464103714028",""
"2019-07-06","0.07068876517729783","0.07464625999150568","0.06675169901363193","0.06790480227309381",""
"2019-07-05","0.06706419794941326","0.07368375794243902","0.06461099044254684","0.06625372467824786",""
"2019-07-04","0.06372455712018749","0.07681732825822082","0.06372455712018749","0.07225696883417965",""
"2019-07-03","0.07300989506081794","0.07457121334923308","0.06501906712418914","0.06725469869124388",""
"2019-07-02","0.06662353456722837","0.06662353456722837","0.05695018346554105","0.06278013263391345",""
"2019-07-01","0.06318171278593109","0.06328324547646626","0.053117882290748174","0.06054551597914605",""
"2019-06-30","0.059400285628650476","0.06679907428400603","0.05862609589437809","0.06679907428400603",""
"2019-06-29","0.0668917597283603","0.06723624409011739","0.05954418413967604","0.06499914535348542",""
"2019-06-28","0.06356912598484443","0.07490070042407354","0.04675915260175907","0.07238906032202615",""
"2019-06-27","0.07106460285050951","0.08301613899217512","0.04263342845834282","0.08046119152580104",""
"2019-06-26","0.08150964417423598","0.08769345228298474","0.07240446247158563","0.08042699255934015",""
"2019-06-25","0.08065652368678222","0.08173669451018517","0.06772725056730554","0.0711060445800181",""
"2019-06-24","0.06938130177443366","0.07846638581954651","0.06606175639402403","0.07430087403637406",""
"2019-06-23","0.07336452424494928","0.08391825107695833","0.070171340497909","0.0822296848325166",""
"2019-06-22","0.07146955511341468","0.086980671151015","0.07140969110271878","0.08173531300757816",""
"2019-06-21","0.08132182738025824","0.08523601894567744","0.0657359058238191","0.08071345914628819",""
"2019-06-20","0.07995214432886738","0.08141937096479668","0.0671831343218614","0.08141937096479668",""
"2019-06-19","0.0811544795245318","0.09363615114472609","0.08047467714858315","0.08192623427044066",""
"2019-06-18","0.08184034260791793","0.09982437184133366","0.07985689388623324","0.09867671937824161",""
"2019-06-17","0.09412283227849863","0.10265156708281933","0.0804683034851305","0.09796007922687759",""
"2019-06-16","0.09935072730877961","0.10705828631039603","0.08683272461908231","0.09973688106439181",""
"2019-06-15","0.101910186393489","0.10746492920534641","0.08602972625255957","0.10171561457867029",""
"2019-06-14","0.09525282144667566","0.12893145762433822","0.08217544093379087","0.12081065636297406",""
"2019-06-13","0.12179843366897998","0.14456563040273443","0.03366556030658116","0.11033303756270235",""
"2019-06-12","0.10329333370486007","0.14967320593004155","0.0023097915896583086","0.0023097915896583086",""