"Date","Price (Close)","Price (High)","Price (Low)","Price (Open)","Circulating Marketcap","Circulating Supply"
"2021-09-17","1.000085016332126","1.0110086410833905","0.9877445360634464","1.0003329350704644","12749074948.695824","12744831747.24"
"2021-09-16","1.0008820087985135","1.0293294641012065","0.9898000650107835","1.0000937442060198","12673748359.10106","12672560379.99"
"2021-09-15","1.0003245880901661","1.013013257697299","0.9825047291459906","1.0011029288666322","12392226018.406193","12378573332.55"
"2021-09-14","0.9999314821251172","1.0117167281141937","0.9909594988742815","1.0007268305226935","12342565000.984364","12333600563.64"
"2021-09-13","0.9998757779029869","1.0190283949286054","0.9436685303830874","0.9994092216308955","12460726478.76088","12468092358.03"
"2021-09-12","1.0003005156489824","1.0119152575297372","0.9931162506769232","1.0007001546298622","12476821950.620024","12468092358.03"
"2021-09-11","1.000223719174958","1.009899005659803","0.9844079937133847","1.0006074867607628","12475666559.069471","12468092358.03"
"2021-09-10","0.9998814896740108","1.056857683530378","0.9776040697922617","1.0004508848490008","12586103893.35762","12580431567.37"
"2021-09-09","1.0005544953185999","1.0508079987866223","0.9809099243236602","0.986366672110294","12577093794.15904","12750931423.15"
"2021-09-08","1.0003533229625718","1.0380813275283725","0.9784062351324551","1.009747271787883","12605453735.198803","12483771026.07"
"2021-09-07","0.9999571590267236","1.192133178036571","0.909160050539219","1.0007074630822048","12562859122.22973","12553977646.51"
"2021-09-06","1.0006329570968957","1.0575440555141138","0.9860343242860602","1.0001518577330184","12608777984.00679","12606863534.29"
"2021-09-05","0.999659270292152","1.0077856338922997","0.9940934069769607","1.0006545705956977","12615115616.463522","12606863534.29"
"2021-09-04","1.0005803066537473","1.0061277559556672","0.997513869455921","0.9996796701284748","12542917540.409166","12546936699.03"
"2021-09-03","0.9998225034434337","1.0094687897399997","0.9959513853641145","1.000360636858713","12562794003.37135","12558265030.12"
"2021-09-02","1.0009134322702442","1.0471246589184942","0.9871046708357282","0.9997132374151626","12130511611.270555",""
"2021-09-01","0.9999588808067772","1.0084892995354917","0.9900768864171676","1.0056975145871974","12128722772.48806",""
"2021-08-31","1.0001744636876753","1.0307407631618928","0.9808611753544765","0.9995850971087268","12124734983.540634",""
"2021-08-30","0.9997754122063505","1.0150141115817","0.9881202816895287","1.0001613287178708","12132495171.962633",""
"2021-08-29","0.9999752990577265","1.021758833843089","0.997310997923521","0.9997728949906487","12126890892.290062",""
"2021-08-28","0.9995452090008817","1.0013475513193015","0.9896749219958637","0.99829558854274","12109096284.690172",""
"2021-08-27","0.9976531125064568","1.0074729083919751","0.9828256704008939","0.9990924171571276","12120122777.949068",""
"2021-08-26","1.0000484571382993","1.0101836547648386","0.9853354696537763","1.0008193289070668","12139720455.586227","12130312704.27"
"2021-08-25","1.0001106066065186","1.0280219293019084","0.9760428563519215","1.000583736041786","12180746382.091808","12173655260.96"
"2021-08-24","1.000462087998982","1.026079594840458","0.9829810402151324","1.000389584427696","12330323239.290205","12324792593.45"
"2021-08-23","1.0002369099037955","1.003960816573602","0.9925353803064881","0.9997700502871986","12284213830.026096","12285640551.59"
"2021-08-22","1.0000784903344757","1.0054650783574615","0.9838022996871615","1.0002037815286053","12305049884.073992","12302519501.49"
"2021-08-21","1.0000793344117145","1.0056755418754724","0.9955275908665252","0.9998714717924763","12200846456.230852","12202203842.93"
"2021-08-20","1.000029543684187","1.0089671929178823","0.9761037331185494","1.0023158137285513","12049247877.062641","12020528017.87"
"2021-08-19","1.0017208461428553","1.0204956543744528","0.9785491847093941","0.9996327076771715","11952697763.503553","11957324880.1"
"2021-08-18","1.0003047843535453","1.0081418645060134","0.9868108686192755","1.0002205005068412","11895099624.74177","11891837836.69"
"2021-08-17","1.0002852995650304","1.0124044197851216","0.9849574592211771","0.9985417505603577","11901335674.657888","11910425630.57"
"2021-08-16","1.0000175502846111","1.0151697518559715","0.9862875389056581","0.9995585145174044","12042192932.68288","12047405938.99"
"2021-08-15","0.9999464354415352","1.0053775335651065","0.9762697742316977","1.000515088478935","12010642235.521708","12004514552.87"
"2021-08-14","1.0002704478863886","1.0073016995072728","0.9920706978771703","1.0003140888575646","12012972697.440598","12008723458.01"
"2021-08-13","1.0004083930882133","1.0209861230268615","0.9643658053328191","1.0011123997735463","12027721087.960447","12010106727.9"
"2021-08-12","0.9995245217586033","1.0155741763853066","0.9822420914201784","1.0002538205639793","12006595941.315107","12001264341.91"
"2021-08-11","1.000078109757876","1.0197288566258247","0.9891955288367354","1.0001571261360658","12094715955.06237","12093046834.51"
"2021-08-10","0.9995652690514978","1.0132886865075823","0.9910439261971933","0.9994720003583626","12153884450.26717","12160338142.57"
"2021-08-09","0.9995962492404443","1.0205670963921634","0.9755628813540738","1.0001233665900986","12253662706.697905","12252758178.35"
"2021-08-08","0.9998749941408578","1.0058459324984583","0.9877751067217675","1.0013207714492638","12201978309.673672","12186081604.32"
"2021-08-07","1.0004176838919867","1.0393188866994765","0.9938212408044537","1.000168211930563","12188664530.116014","12186081604.32"
"2021-08-06","0.9997850431668711","1.0167891075463453","0.958279390760117","1.0001733071655226","11968526896.310423","11966512838.49"
"2021-08-05","1.0001589842574548","1.0087845632193762","0.9884210737089023","1.0000398606211294","11989780378.946527","11988640420.58"
"2021-08-04","0.9999953900772196","1.0060541116906954","0.9936679444148016","1.0009971950369956","12059546992.155891","12047209455.05"
"2021-08-03","0.9996456001096378","1.0412133738114226","0.9766051914433048","1.000053075435219","12154830989.45353","12154108047.03"
"2021-08-02","1.0001179650541172","1.0128739344405868","0.9918761795600325","0.9992575659861119","12216380144.023605","12225898273.79"
"2021-08-01","1.0001948752673222","1.004201060731763","0.9900350817175958","0.9981431780720482","12263533272.711082","12285746621.84"
"2021-07-31","0.9999460336707973","1.0042760616039663","0.9956671692086864","0.9997672032367346","12282864836.963102","12285746621.84"
"2021-07-30","0.9999403834394182","1.009361691017045","0.9774548798087186","1.0004123097598316","12203342956.04868","12198103689.84"
"2021-07-29","1.000100260165186","1.0087328085509002","0.9851066505884251","1.0012926409858807","12241290094.132895","12224571047.08"
"2021-07-28","1.0003405395753278","1.0075321628775642","0.9937071822591347","1.0003620744861956","12163745560.802042","12159590995.79"
"2021-07-27","1.0002568452377156","1.0106297613151283","0.9831722474806751","0.9999165059444763","11970526473.457302","11968828100.75"
"2021-07-26","1.0003555273735223","1.0258242144380847","0.9879391216441348","1.0006831493261508","11800123579.549166","11789037210.25"
"2021-07-25","1.0005410510398527","1.0160452283709744","0.9919849819760049","1.000190800867821","11715186906.532057","11712914531.41"
"2021-07-24","0.999979079267945","1.0171098649626713","0.9899583809578621","0.99984154643142","11584566785.931015","11586231445.08"
"2021-07-23","0.9998601709980719","1.0608943862987632","0.9732415621630399","0.9998306453784399","11452820272.584885","11454247340.35"
"2021-07-22","1.0000964575166575","1.0121741908439497","0.9863101612359093","1.001881560145982","11361074484.395512","11341908575.64"
"2021-07-21","0.9998571245857235","1.0280819657060032","0.9934037591826167","1.0000020110584964","11210764606.917992","11209707766.97"
"2021-07-20","1.0001707323974953","1.009667311602483","0.9909379825262435","1.0009063104221243","11119031000.57532","11119014764.31"
"2021-07-19","1.0002048185163124","1.0094759040406227","0.9801322341462623","1.0048260018599995","11198388746.391949","11197269019.49"
"2021-07-18","1.0005290593328717","1.0046963035349774","0.991069256132052","1.000763092129185","11197269019.49","11197269019.49"
"2021-07-17","1.0002922672088583","1.0117526430030523","0.9887115422884504","1.0001093750102266","11197269019.49","11197269019.49"
"2021-07-16","1.000172273291048","1.00962108143493","0.9842553593027948","1.0025281845790617","11254055749.282629","11252749174.14"
"2021-07-15","1.0011828479059224","1.0095799814615518","0.9804449339993775","1.0002897846193943","10691012788.982796","10688875013.98"
"2021-07-14","1.0002220493741671","1.0244064252822422","0.9569273464711342","1.0003045044351853","10299097193.158642","10298067386.42"
"2021-07-13","1.0001392853751767","1.010453605493763","0.9917543995773643","0.9986293386302993","10482983864.548073","10484120217.05"
"2021-07-12","0.9998346161250057","1.0043668041525189","0.9745174083280858","1.0003917429346776","10695832731.889236","10696171447.54"
"2021-07-11","0.9998661212440818","1.0071093871783154","0.9975320003436604","1.0001262427727755","10695438719.941689","10696171447.54"
"2021-07-10","1.0000817124427832","1.0065308124027548","0.9916748728155936","0.9999480712375183","10697241064.684755","10696171447.54"
"2021-07-09","0.9998185435054601","1.0114810320004541","0.9736279479830234","0.9998070304511464","10810200038.872694","10809119126.96"
"2021-07-08","0.9999430614371139","1.0143316620531304","0.9809807133824583","0.9939751146715625","10755041641.114449","10753966244.49"
"2021-07-07","1.0001433505665038","1.0063890380839096","0.9950311599378976","0.9999367954233978","10726495367.955664","10741076861.79"
"2021-07-06","1.000166465567024","1.0093572784486071","0.8373235466837019","1.000063394249242","10684048892.799473","10682980594.74"
"2021-07-05","0.9999288659763254","1.00916359775677","0.8349938012791452","0.9999701993611736","10682843066.859438","10682980594.74"
"2021-07-04","0.9993093507303269","1.0036155971638516","0.9938368766152094","0.9999686783395978","10622694664.26","10622694664.26"
"2021-07-03","0.9994690895412929","1.0045938942414092","0.980712711477338","1.000112137435695","10631871343.87896","10629745394.8"
"2021-07-02","0.9994269739709496","1.0073553211837167","0.9970282186266298","0.9995433958974101","10303957028.273338","10304559804.05"
"2021-07-01","1.0008018942937744","1.0226655095878092","0.9872328954054055","0.999230206040382","10062823219.873566","10061961534.86"
"2021-06-30","0.9999668789567894","1.0390059186518226","0.883186279101777","1.0008108113989396","10109620971.910957","10109425904.62"
"2021-06-29","1.0000316292443885","1.010242097693011","0.8295283319437803","1.0017761311901658","10046353853.057833","10046353853.057833"
"2021-06-28","0.9999155278508682","1.0074768034344472","0.9040428859968515","1.0000688426559332","9939542853.207079","9946112244.92128"
"2021-06-27","1.0003732438760904","1.013591636090347","0.9920952691229099","1.0005942597463495","9964348404.071613","9943332391.82913"
"2021-06-26","1.0004613147036483","1.0110641960549223","0.98415686978481","1.0011838278809684","9890689146.70246","9889613756.46047"
"2021-06-25","1.0004689288578088","1.010400881893815","0.9862480225715257","1.0012252719916108","9577983975.391792","9577983975.391792"
"2021-06-24","1.0000931014045622","1.0122355178185816","0.9930030057228212","1.000404237217798","9579137842.095596","9577983982.6273"
"2021-06-23","1.0002143584477377","1.0154396648259996","0.9831108465766669","1.001341213900164","9764692182.355131","9763715810.774054"
"2021-06-22","1.0004027406612592","1.1758434986137891","0.9810805420792715","1.0009781975529453","9767764174.562748","9754377065.518017"
"2021-06-21","1.0007699815143085","1.014222348278015","0.9809721511334125","0.99999430847124","9458673946.548325","9451605476.127134"
"2021-06-20","0.999983544049842","1.0087498301890467","0.9805469202613399","0.9986929235911369","9451057277.248947","9451605514.230299"
"2021-06-19","1.000248462811783","1.0095137720840741","0.8392229410461608","1.0009782304961963","9374479982.555435","9373542628.292606"
"2021-06-18","0.9998852408775095","1.0348667823900988","0.8565523395384147","1.0001810774158815","9315995322.235695","9315995322.235695"
"2021-06-17","1.000065636403203","1.0067885068752338","0.9922096055908122","1.0006442814386356","9384343864.000935","9383405523.44859"
"2021-06-16","1.000073236840656","1.0190353017298748","0.9885094546915564","0.9982992530618944","9419292915.820097","9435172913.937351"
"2021-06-15","1.0002369772907336","1.008000130736666","0.9886280240984082","0.9997279930149318","9460733482.499878","9459638135.012396"
"2021-06-14","1.0000210746192717","1.0152777903146355","0.9913019498639242","1.000089765496957","9588229807.353815","9577984054.44982"
"2021-06-13","1.000078261244386","1.0270587296344453","0.9876651423831602","1.002283062131935","9601694401.160555","9577984048.798319"
"2021-06-12","1.000122293881959","1.0106941386113728","0.9782877230325961","0.9990947344652811","9579071665.084654","9577984037.287302"
"2021-06-11","1.0001797928335985","1.0080516835247877","0.9926376110595331","1.0007804827888962","9248701764.997316","9244648532.88553"
"2021-06-10","0.9998488534045896","1.0502582082870429","0.9560548569940637","0.999899031073327","9423087400.722616","9420395509.420422"
"2021-06-09","0.9996471391514621","1.0288654127842618","0.8723929403044591","0.9991431900990739","9590641390.53869","9589100004.531563"
"2021-06-08","1.000122989831021","1.023515116243276","0.9780895759428466","1.0049723356880422","9593549154.211227","9594508605.071735"
"2021-06-07","1.0000325511910633","1.0459349300964296","0.8775994118472716","1.000433129069561","9659320577.265593","9647663253.870373"
"2021-06-06","0.9999949662877428","1.041473431375167","0.8980338368746369","1.000628645612093","9532200104.22524","9532200104.22524"
"2021-06-05","1.0003653374156387","1.0088455837982602","0.9873624027603904","1.0017891073129515","9546823953.965057","9532200124.820122"
"2021-06-04","0.9999924941459613","1.0176182606906923","0.9735726980104631","0.9994034260320978","9277165097.702044","9274517743.07024"
"2021-06-03","0.999639362314751","1.0668008133405027","0.9696307728670707","0.9993075522194571","9054405484.452896","9056992988.212982"
"2021-06-02","1.0004718220145223","1.0108000210441546","0.9893733542762742","1.0013271993174913","8735280888.8309","8719604148.225481"
"2021-06-01","1.0002299488526658","1.0085733856335193","0.9835327039663562","0.9952553682437992","8586411867.08823","8633463631.044891"
"2021-05-31","1.0000495304074781","1.0187235136305834","0.9131539070434022","1.000279472","8564161142.159399","8609694350.253729"
"2021-05-30","0.9999149742895234","1.0179585272128135","0.9806073610913678","0.999192716786083","8678169682.915918","8677301952.720646"
"2021-05-29","0.9998189802867555","1.0267584818858222","0.9855219415730722","0.9992148258986078","8859846102.11339","8867815975.77621"
"2021-05-28","1.0001804633799105","1.0160371657350291","0.9871635584478178","0.9977090565225596","8821851104.136019","8828293848.408846"
"2021-05-27","0.9995589206493638","1.010964052986278","0.9929700350741939","0.9973313066210311","8872836281.62569","8874751204.603878"
"2021-05-26","1.000095029329103","1.033255473450333","0.9841805265779985","1.0020113187016546","8873765825.481659","8874653290.81074"
"2021-05-25","1.0002548229592747","1.0520103028107246","0.8405007854685781","1.000810421197073","8618304397.749052","8618304397.749052"
"2021-05-24","0.9998006135332699","1.18095065","0.9848270624690416","1.0037023159194152","8616340306.587278","8615478758.711407"
"2021-05-23","1.0004314199299085","1.0343718873894285","0.9654310222048583","0.998588753723884","8610655663.90995","8608933877.134523"
"2021-05-22","1.000407200684861","1.0245797873057598","0.9819362789103401","1.002502306280749","8105141988.019206","8090444249.328098"
"2021-05-21","1.0001750328199277","1.1887187183871493","0.8428599316797903","0.998276294810395","7780884099.340505","7798823508.093289"
"2021-05-20","1.0004240643411013","1.0930306149421143","0.9612279738882898","1.0081338941850462","7803810971.952583","7798823503.834025"
"2021-05-19","1.0055945614443915","1.0662188459906783","0.9235938359152948","1.002018782207446","7798597593.762471","7798823535.762275"
"2021-05-18","0.9999847162241372","1.0126211829832992","0.9871523490235938","1.0032546738035268","7827579815.99532","7798823560.661577"
"2021-05-17","1.0000905354567708","1.0343636602561754","0.9657841236410762","0.9743813118328782","7809005386.690941","7798823570.215797"
"2021-05-16","1.0010112525811323","1.0673072029634294","0.9810073120076148","1.0013466476195518","7838850650.51728","7798823552.552445"
"2021-05-15","1.0002696831611957","1.1654419","0.9879647108681389","0.9991732516422307","7798394846.280871","7798823501.805062"
"2021-05-14","0.999985987470362","1.0524809175440224","0.9662750530830371","0.9994772970044272","7809830842.585389","7798823549.126341"
"2021-05-13","1.0007472148262386","1.198387950063357","0.9657562737163861","1.0170615880897642","7885952408.889482","7798823563.87893"
"2021-05-12","1.0010871448749288","1.0469477667337463","0.9813197972504654","0.9987138968692029","7799603418.986845","7798823536.633182"
"2021-05-11","0.9998686673225233","1.1923249310554884","0.8545828705865707","1.000198881275163","7800383310.116999","7798823545.407917"
"2021-05-10","1.0007984238058123","1.0364625716007208","0.955158690087","1.000782601748962","7797184178.073254","7798823546.377442"
"2021-05-09","0.9997409734153271","1.0090514716573606","0.9884503270118584","1.0012220993475","7798823515.855545","7798823515.855545"
"2021-05-08","1.00024182274636","1.2018384207857178","0.9713125613505914","1.0002860841357526","7799603390.273182","7798823507.92239"
"2021-05-07","0.9995212176628901","1.019833022702728","0.9729773985592013","1.0017482212603561","7798043644.85997","7798823527.212691"
"2021-05-06","1.0002686188290029","1.0311071817714432","0.9867311351935053","1.0007998265157714","6976958246.719147","6976260620.657081"
"2021-05-05","0.9992528875686465","1.011705275161763","0.9734438386262423","1.0137847259355122","6976260589.55834","6976260589.55834"
"2021-05-04","1.0000793449800143","1.0126784649828964","0.9892857810842615","1.0012587602548084","6977655888.412657","6976260636.285399"
"2021-05-03","0.999791239273387","1.2178966026155116","0.9797578271339665","1.0001697610797093","6975562976.103407","6976260602.163623"
"2021-05-02","0.99982236723956","1.0334672017020698","0.9359753351847764","0.9997896804682966","6978491639.791605","6976260609.427386"
"2021-05-01","0.9995242020655594","1.1867380805883736","0.9728980523546112","0.9992706393110611","6976958211.396618","6976260585.338084"
"2021-04-30","1.0014780450026588","1.0080173033387885","0.8330913769486215","1.0001612087258334","6972436149.853903","6976260599.495008"
"2021-04-29","1.0002995594413415","1.0086375341453793","0.9949881427277616","1.0002788323793557","6976260570.215421","6976260570.215421"
"2021-04-28","1.000004577030702","1.0086346846081118","0.9793592882775236","0.9992189694571828","6976958252.384951","6976260626.322318"
"2021-04-27","0.999887578163883","1.0068071565388934","0.9941722814547066","1.0006667222326848","6976958199.392511","6976260573.335178"
"2021-04-26","1.0002639487927893","1.0390403255055607","0.991224718371145","1.0039042674809","6975562984.392263","6976260610.453309"
"2021-04-25","0.9999947974327758","1.02426627793714","0.9919050597598998","1.0008114788457296","6980709972.674119","6976260576.895054"
"2021-04-24","1.0004317155124793","1.1921346274612135","0.8388251298388653","1.001853141778349","5387555973.793085","5387017272.065879"
"2021-04-23","1.0001624076250313","1.2224465379983835","0.8411480243016634","0.9988343255670373","5388390236.54624","5387017260.515393"
"2021-04-22","1.0005731709460213","1.0138598207461276","0.9792760430108686","0.9994782447128793","5401809939.872488","5402890517.976083"
"2021-04-21","1.000266932566193","1.1667186611954523","0.9106071057319415","1.0004680945882416","5403701627.79292","5402890528.035862"
"2021-04-20","1.0045044671011694","1.0625401998935506","0.9643880503331408","0.9783430152486466","5404511418.997993","5402890551.832444"
"2021-04-19","1.000341513113093","1.197113430526617","0.8261851922581414","1.0007890681295601","5403971091.897807","5402890513.795048"
"2021-04-18","0.9998690201622255","1.0425436867958513","0.9704658175110467","1.0005360542395858","5397561037.126064","5402890556.792674"
"2021-04-17","0.9973392291632095","1.0310042906351677","0.9704715407362295","1.0028588682666395","5405956690.925308","5402890515.453108"
"2021-04-16","1.0002462750019954","1.0310225830182236","0.9380759210525254","1.0012492800644437","5400550425.811551","5402890529.994782"
"2021-04-15","1.000309005854785","1.012848783965809","0.8319891048599756","1.0029408826556405","5354259022.502337","5355318136.150866"
"2021-04-14","1.0000139031271327","1.02702129645306","0.9874570584839418","1.0018615814296472","5249993815.445013","5248963533.959943"
"2021-04-13","0.9999069999942422","1.0194105547277075","0.9806844887006589","1.000214866698072","5070013686.046569","5068035383.9697485"
"2021-04-12","1.0003485353445212","1.028136309384506","0.9896426534209875","1.001854848836968","5020282969.07475","5019780990.975653"
"2021-04-11","1.000447454677097","1.0111392816238496","0.994214138247389","1.002498128047954","4929913331.607308","4927778720.838504"
"2021-04-10","1.0004095801266095","1.0085415446840853","0.9912060351039945","1.000269798796238","4912207046.786719","4911224801.826354"
"2021-04-09","1.000198690756014","1.011565301390766","0.997325195169121","1.001286347197732","4630947689.631547","4630947689.631547"
"2021-04-08","1.0009624978027183","1.0063086823335818","0.9961218321463212","1.0024414627284624","4203358646.2186403","4202518142.590122"
"2021-04-07","1.0004337663574512","1.026269614687348","0.8488439315057609","1.0003135940015764","4018048474.198186","4016598216.959181"
"2021-04-06","1.0005725557330207","1.0204383667556538","0.8396444231585165","1.0016941482093569","4039738908.5409393","4040142922.8332224"
"2021-04-05","1.00015507522841","1.0998299816874613","0.9400574716514821","0.9966957923088374","4024843386.242896","4023828989.0436587"
"2021-04-04","1.0006166074267315","1.0371123974946665","0.9824517972358418","0.9965133104954743","3951541801.1742177","3966435611.443117"
"2021-04-03","1.0000876711440048","1.0402264919450186","0.9924546009651838","1.0002779577142131","3827172543.6516123","3828971195.0128"
"2021-04-02","1.000104627666434","1.0307356739755238","0.983938756212386","1.0019076540903862","3539397716.17938","3538689978.1837435"
"2021-04-01","1.0001792395292333","1.0079422377191871","0.9923933922720195","1.00130022","3515806526.514931","3515454981.0168295"
"2021-03-31","1.000084163154074","1.0066059851849116","0.9863028658054521","1.0003660844871287","3589679346.1075287","3587302351.1560354"
"2021-03-30","1.0002896039872153","1.0060807572871622","0.9921739513478115","1.0014482676065952","3480040054.8727565","3479692085.6641903"
"2021-03-29","1.0000410854970805","1.0072448915050014","0.9872096963376664","1.0014182794139108","3484221434.50944","3483524729.563527"
"2021-03-28","1.0000852892197312","1.005189019494008","0.9931604047600361","1.0018444591184459","3460374461.0779037","3460028458.2320805"
"2021-03-27","1.0004982072245916","1.0083344399528718","0.9933702158666752","1.002605645927673","3349343858.873569","3349343858.873569"
"2021-03-26","1.0000405297719888","1.0093640671451647","0.9929383025250442","0.9999628623162045","3287168242.241205","3287168242.241205"
"2021-03-25","1.0002004136723905","1.01466340739245","0.9842567860657335","0.9995291311085668","3351942747.117403","3352277974.9148946"
"2021-03-24","1.000357696306328","1.2143043","0.9534844","0.997482718952109","3384950799.2807746","3384612338.04697"
"2021-03-23","1.0001100937787881","1.0286785238981737","0.9870219642784263","1.0003295839421134","3354810859.0129375","3354475411.4717903"
"2021-03-22","1.000246215753853","1.00759923","0.9798973520471114","1.000369692","3226335734.085164","3226658399.9251566"
"2021-03-21","0.9997368496085485","1.0104114102726967","0.9940890797697276","1.0002370967097487","3237236999.7200537","3237236999.7200537"
"2021-03-20","1.0000872136376284","1.006432493683975","0.9899307084000353","0.9993767823734844","3166367013.65296","3166622427.4601455"
"2021-03-19","1.0004316598344807","1.0069435531646787","0.9940535469284735","0.9986467902094419","3178118849.888699","3177801069.781721"
"2021-03-18","1.0000340445349514","1.006139873635304","0.9937602636139587","1.0020986965193603","3067215128.5835366","3069984558.973564"
"2021-03-17","1.0000064140244789","1.0133784679018436","0.9929240082442736","1.003304331961942","3039235751.6994333","3039539705.67"
"2021-03-16","1.0005357771437153","1.0066230031972592","0.9936058767083661","0.9984547247683101","3110626769.9536257","3110937863.74"
"2021-03-15","1.0004306316775546","1.0163284898655485","0.976375151612057","1.0005525880049584","3164148936.251794","3166503242.33"
"2021-03-14","1.0003101267124022","1.0337691228183725","0.9685556081928296","0.9992825433555558","3175994426.27","3175994426.27"
"2021-03-13","0.9999799174332926","1.019077729847668","0.9889906506839098","0.9997704961550308","3193533439.832546","3191613153.1"
"2021-03-12","1.0011699122229687","1.032781511146341","0.9897059400730641","1.0024281751517532","3182805905.6090236","3180218425.53"
"2021-03-11","1.0007897298950115","1.1703700930663832","0.965494838283471","1.0018273363292076","3264656565.5931","3269419349.02"
"2021-03-10","1.0004559243449858","1.20022001","0.9917677462473324","1.0030814237864327","3157341107.2357826","3156595457.46"
"2021-03-09","1.0008826757167395","1.200595091770187","0.9619012506265192","1.0017107893246677","2993083114.8884525","2988017313.32"
"2021-03-08","1.000431650929036","1.0071122425021584","0.9899670676457236","1.0000016033201131","3130835246.435288","3133278428.25"
"2021-03-07","0.9999457775230464","1.0089409877593658","0.991190654361714","1.0022328997009267","3233392354.0786076","3229558472.37"
"2021-03-06","1.000122416890112","1.0064302760541082","0.8304887024367988","1.0009373765780851","3186866515.8576984","3191318733.17"
"2021-03-05","1.0004073977102002","1.009008677779023","0.978705775765682","0.9992285943900941","2920671257.2623506","2922846511.03"
"2021-03-04","1.0005630050205918","1.006430675549496","0.9849410067514344","0.9981788727274876","2822098073.607163","2822573883.3"
"2021-03-03","1.000537693702393","1.0111804410628247","0.987611688079887","0.9990920734025823","2826271049.958078","2823921084.14"
"2021-03-02","1.0006252124129678","1.009094764582192","0.835654403097977","1.0001955472017756","2486840517.38115","2485798706.25"
"2021-03-01","0.9995841438654938","1.0153837242212067","0.9835710707667508","1.0064592940502832","2383035455.0462437","2376371513.54"
"2021-02-28","0.9998460398651444","1.0173371546840428","0.8000882409822188","0.9965693996831247","2330279013.997231","2330371471.44"
"2021-02-27","1.000798110409776","1.0133152242824226","0.9868267875013964","1.0020521309781847","2318261604.2604504","2315860502.56"
"2021-02-26","1.0003602140731158","1.0794918115910652","0.9792493644161127","1.003434683540903","2304402224.0011983","2291952109.77"
"2021-02-25","1.0006284346871828","1.010015848970694","0.9861494463804301","1.0002196690190883","2259185743.1116953","2257903860.76"
"2021-02-24","1.0005676078428856","1.1888464005993444","0.9637003760773417","0.9998013660446735","2169017486.1156588","2168280239.68"
"2021-02-23","0.9986105829127571","1.0263815560959266","0.9703276416391008","1.001859697544024","2195320090.3580303","2195100580.3"
"2021-02-22","1.0002184617179983","1.022179871853553","0.8420334722408338","1.0007763042666953","2182988039.479955","2184928115.51"
"2021-02-21","0.9998463159970954","1.2000731377102176","0.9833832023110874","0.9985201308283385","2150121381.3945055","2153246775.95"
"2021-02-20","1.0013210075201027","1.0254865886203959","0.8745901015256938","1.0020345682599343","1764036844.7178352","1763036425.87"
"2021-02-19","1.0010086296548892","1.0283235342840735","0.8328684875943578","1.0019749741587314","1764776768.1319134","1763036425.87"
"2021-02-18","1.0005569238745675","1.1943207210447464","0.8924059458561849","1.0004906031909604","1761737597.1730764","1763036425.87"
"2021-02-17","0.9991884803201371","1.0333287623801635","0.9850778460985102","1.0014236007080293","1764092729.2272942","1763036425.87"
"2021-02-16","1.0004746240572329","1.0074900022703923","0.9718278725476336","1.0009274881978834","1761683775.2119522","1763036425.87"
"2021-02-15","1.0006467771155687","1.05124060076768","0.9647446452932449","1.0008701087651577","1762422189.7875533","1763036425.87"
"2021-02-14","1.0007247877541658","1.0064598815062609","0.9907513441710412","1.0019857044494","1733236916.3198667","1732305875.41"
"2021-02-13","1.0009511887837648","1.0093632535420387","0.990981898655975","1.0023735321160316","1681781592.5571363","1681087668.01"
"2021-02-12","1.0005767733895037","1.0049902117005995","0.9928322639238992","1.001619259125665","1687823081.0894356","1688785541.44"
"2021-02-11","0.9996787861794741","1.0308747767424449","0.981770302315467","1.0000870554089656","1672379848.058062","1673041414.89"
"2021-02-10","1.0002361098747623","1.037134314126832","0.9624430093640843","1.0030505945897077","1615223085.2106996","1613598476.84"
"2021-02-09","1.0005642981675815","1.0348339224839658","0.984003561369518","1.003255681195942","1557615094.220829","1555933496.23"
"2021-02-08","1.000684376192073","1.0159357216538398","0.98652249","1.000006742","1548997374.548117","1551422295.02"
"2021-02-07","1.0000898136290375","1.0106312054558304","0.9901293567454497","0.9966443044797278","1554299973.0811312","1554092935.35"
"2021-02-06","1.0000529227804538","1.0505753966196303","0.9516463112570657","1.000628479475774","1525664976.2254322","1526275486.42"
"2021-02-05","0.9998685829444384","1.0076135964235235","0.9936043595635701","1.000858294614343","1464255113.226518","1463800961.54"
"2021-02-04","1.000580975607811","1.0122220594927667","0.9062794591158065","1.0018100527209333","1429163306.97505","1427991258.25"
"2021-02-03","1.0001036191883226","1.0118688516575005","0.9902412844314973","1.0013456998378367","1409347888.7914464","1409258269.37"
"2021-02-02","1.000491177564128","2.9828660195848924","0.9520682927908656","1.0017786072283548","1416731151.1255002","1416867693.56"
"2021-02-01","0.9998793269326569","2.6258394533194123","0.7676165385610594","0.9984408405447018","1485703878.0282903","1478559054.84"
"2021-01-31","1.0003921719403503","1.0120969333646759","0.9886610431682157","0.9964030921634865","1487693940.5485435","1488202515.08"
"2021-01-30","0.9996708785333889","1.1268411571169743","0.9517656928504924","1.000327329526441","1498720264.3987086","1498514668.53"
"2021-01-29","1.00004529448562","4.4464961743997","0.847147297411622","1.004887402018976","1391126948.9343715","1387468997.52"
"2021-01-28","1.0007625004989313","1.0117565917221023","0.430559","1.0008216805763743","1363713282.9666333","1362948377.6"
"2021-01-27","1.0000983940419628","1.2414147997871383","0.9906664518814188","1.00281712059226","1212859763.7740917","1212079411.94"
"2021-01-26","1.0004714758343543","1.0134405785638996","0.9868118165466574","0.9939567090344094","1190892446.1053364","1192325185.5"
"2021-01-25","1.0003981212274897","1.0092741661125493","0.9797257929474209","1.0000004424851339","1223628479.484732","1224030835.72"
"2021-01-24","0.9998829389331423","1.007754112986903","0.9913864929221197","0.9987061370923793","1192513341.639363","1191815471.95"
"2021-01-23","0.9999669439432393","1.010188396788453","0.984496954357102","0.995378050366224","1190987673.46702","1191815471.95"
"2021-01-22","1.000472837037543","1.0172548445865837","0.9640369688778654","0.997718160006003","1104533051.5354087","1104736317.07"
"2021-01-21","1.000589373472651","1.0233957844848671","0.965023089395374","1.0029276146541752","1125640380.3734465","1124667529.95"
"2021-01-20","1.0002597694654622","1.0135448306104755","0.9772372152276297","0.9921868984661315","1141564098.804546","1144385864.6"
"2021-01-19","1.0005780575139112","1.0871904841598392","0.9910137957995214","1.0039468740813011","1152769195.8500502","1151865391.87"
"2021-01-18","0.9998306120292895","1.0174239495345598","0.9850128611611938","1.0027743117896102","1164584822.7728622","1162021827.99"
"2021-01-17","0.9996970411243647","1.2514676855874338","0.9861675073539375","0.9960023201289039","1156279444.4749472","1155739834.09"
"2021-01-16","1.0002197107182775","1.0758252108631288","0.8015828252393721","1.000797052806931","1140144831.9398417","1141843369.62"
"2021-01-15","1.0003761596570726","1.015698616172509","0.9696925231910368","1.0015364771612216","1083712156.4641604","1082858710.38"
"2021-01-14","1.000324550158697","1.018171889013698","0.9815583829940131","1.0024941059615011","1065338056.6532079","1064831953.51"
"2021-01-13","1.0001796256082378","1.023676480137124","0.7540473762162023","0.9986246288851609","1059937098.0804638","1058247644.63"
"2021-01-12","1.0007465779606342","1.0142397852191016","0.9704977038291505","1.0012440573115027","1082380626.5402756","1083149445.99"
"2021-01-11","1.0008100098336798","1.021761711467625","0.9666626712709198","1.0009796158833641","1161803171.0827434","1160873594.95"
"2021-01-10","1.000655686786137","1.0133780320808208","0.9642451528456353","1.0033677588057393","1154249380.5788956","1154061562.92"
"2021-01-09","1.0002059289129541","1.0399488967906614","0.9884645998137644","1.0019108104662258","1107522180.255721","1107708426.01"
"2021-01-08","1.000051018852356","1.0230906865830514","0.9733394212857757","1.0034744574579295","1091561563.6796348","1091756057.23"
"2021-01-07","1.000007031947401","1.0132145159222294","0.97970929023598","1.0030687458362204","1101044488.6224093","1102223456.9"
"2021-01-06","1.0000925280623871","1.0336844273001","0.9805812695157803","1.0048234098834496","1075367200.8495002","1073322211.38"
"2021-01-05","0.9996796138706613","1.0240666604942745","0.9864487403777156","1.0042857664400495","1076679695.4790492","1076172023.82"
"2021-01-04","1.0000306742355163","1.1029464127918662","0.9476795367020354","1.0054863651529937","1155213551.502058","1158013550"
"2021-01-03","0.9990763369355907","1.0363979336527762","0.9850173560564691","0.9998731896453759","1147619088.1738439","1147733861.56"
"2021-01-02","0.9995023171778935","1.0137251561193996","0.8918227863219385","0.9997320110021627","1077951423.1865487","1077160777.09"
"2021-01-01","0.9999922528726705","1.0084102406020024","0.9925032689245499","1.0011996416104159","984455165.8534997","984118176.56"
"2020-12-31","0.9999838276769967","1.2494105878978332","0.9840400746894572","1.001153284330362","895700992.1561962","895594183.67"
"2020-12-30","1.000187566359763","1.0098228064610053","0.9902471640252822","1.0016197559506697","793132127.1296891","793124293.05"
"2020-12-29","1.0000788897950128","1.0797675133461218","0.9872982806071541","1.0009795431307908","821539980.5982121","821541109.32"
"2020-12-28","1.0003475558041863","1.0117547066873813","0.9911565050088701","0.9998984400000002","815204257.6560807","813839930.24"
"2020-12-27","0.9998561109750803","1.0132559443061415","0.9767590886404264","1.0018532516163243","817906495.1516","818484977.56"
"2020-12-26","0.9993851064796313","1.0138485953233607","0.7873895322749651","1.0016965230479107","811004560.9503038","809999761.89"
"2020-12-25","1.0005858957771034","1.0135506887111987","0.991341530706647","1.001006005185178","767339419.682413","767157344.04"
"2020-12-24","1.0000690056063524","1.0153379504035667","0.9888407263132647","0.9974677621700634","752994840.5454686","752408390.22"
"2020-12-23","1.0003636400287994","1.0120417454359387","0.9569063315405686","0.9994587900304995","764670800.3494145","763945711.23"
"2020-12-22","1.0004090032922084","1.0104176337684294","0.9902651054365761","1.0001146981493603","796939892.4661357","796042171.59"
"2020-12-21","0.9998213954421975","1.0132336156908115","0.9740524739272932","0.998599103498796","826991539.456499","827882332.63"
"2020-12-20","0.9999361200455065","1.0055704075332503","0.9838565997380148","0.9980799329490356","814280269.9734375","815491096.4"
"2020-12-19","0.9998098980123208","1.012734510137159","0.992515742646322","1.0004258691055616","783709719.629223","782606832.19"
"2020-12-18","1.0004687185568442","1.0668469321102443","0.9877922580013008","1.0006050208586674","763325222.5654672","764099855.06"
"2020-12-17","0.9998764783832937","1.009820633599337","0.9885761353000165","1.0006705420579989","721364946.8071362","721814828.01"
"2020-12-16","1.0005554380373665","1.0239175367972255","0.9935059430459965","1.0012188866934904","659653257.3028417","659923491.19"
"2020-12-15","1.0009003385621706","1.0101681895662125","0.9494629249194576","1.0002760147317789","643086952.629954","643633229.27"
"2020-12-14","0.9996969585261948","1.00468496988112","0.9932471955614343","0.9997055454922481","689303479.5581592","690502161.6"
"2020-12-13","0.9999198638469201","1.0094780717733487","0.9913383254868677","1.0016091790990003","685255276.4070593","683673933.12"
"2020-12-12","1.0002734684427834","1.0086291447979239","0.9946690594342249","0.9936261848771745","667238892.4675792","665920922.58"
"2020-12-11","1.0016131577788625","1.0073780233213225","0.9884722571843734","1.0021671815458897","649136814.2320822","652019782.67"
"2020-12-10","0.9998873603823035","1.0064171969286622","0.993563850569048","1.0009767414512865","649859120.5919039","651453280.67"
"2020-12-09","1.0002136033605893","1.007367569131882","0.993395825091156","1.0019344782289994","669313231.4229571","668120160.29"
"2020-12-08","1.0019387957152819","1.0071925554132992","0.7489813445457603","1.0001644670599878","679173219.2336122","679239190.62"
"2020-12-07","0.9997853368747854","1.0038830266018761","0.9892889947270432","0.9995904281958405","703272266.8013209","703460965.5"
"2020-12-06","0.9998306781254643","1.0102789048736802","0.982954600353608","1.0008610861660319","694841066.4727296","696472698.23"
"2020-12-05","0.997597487884774","1.010139108639038","0.9944782346818668","1.0046730396863015","691813873.1311787","689963058.39"
"2020-12-04","1.0028854820326376","1.012121063928438","0.9909685999743333","0.9953430153495411","666161438.91893","668791147.44"
"2020-12-03","0.9961036460410485","1.0241542691867456","0.9911082841990996","1.0098378952405327","678818779.612472","670942919.17"
"2020-12-02","1.0100921107687009","1.0134372861780612","0.9885400647838632","1.0000796938553698","663698788.6550783","662938637.94"
"2020-12-01","1.001193882939421","1.010125566389089","0.9726290192274908","1.001174399401804","691998301.5396556","691591829.09"
"2020-11-30","0.9995152611919902","1.0087275617283191","0.987205639294663","1.000112176361399","682175687.3366017","682066561.81"
"2020-11-29","0.9999380214244338","1.0113766821567074","0.9905940924370592","0.9999376513232983","675590791.0810399","675226945.99"
"2020-11-28","1.001253955633587","1.011254785553998","0.994818808935913","1.0047466406145689","631598199.1094316","630624314.53"
"2020-11-27","1.0026634489757047","1.0132173800618958","0.9816951429217058","1.0027715797629813","625838677.5112437","624309951.58"
"2020-11-26","1.0006380325504667","1.0211447131737796","0.9745722354174813","0.9980355355054156","620689072.3234876","621135457.52"
"2020-11-25","1.0016607234796406","1.0103178660897072","0.9837430227508136","1.0020478339854038","639093116.9859102","639510175.6"
"2020-11-24","1.0006653786428614","1.0205554879157368","0.749884812959868","1.0016566095387391","640966549.4786104","641573367.93"
"2020-11-23","1.0005828138860717","1.0129582788289655","0.9841363598451293","1.002379189863565","655370373.0316796","655166494.91"
"2020-11-22","0.9979375647060134","1.0138188303360507","0.9816786151801845","1.0012290833348494","683103026.9693599","682977957.19"
"2020-11-21","0.999510726304609","1.0083793505598801","0.989904946938645","1.0004144699123743","683059496.5488546","682977957.19"
"2020-11-20","1.0001804114140371","1.0092496058642408","0.9918290588060388","0.9995217077697923","687399016.4982609","687231420.21"
"2020-11-19","1.0002230280717268","1.0090710407105024","0.9467124239347956","1.0009854168933694","681209544.8660707","681475189.5"
"2020-11-18","0.9999059236675906","1.0208737836544677","0.9862181112517318","0.9997472333146097","669655855.1404176","665154718.71"
"2020-11-17","1.0000982477078484","1.00513833715116","0.9924181984066943","0.999584024050636","653209079.0750859","653201324.65"
"2020-11-16","1.0000197828028312","1.0059575856861256","0.9975511090240825","1.0003778655942523","656335059.7901963","656572957.69"
"2020-11-15","1.0001894788254992","1.0042747982199967","0.9933260136957409","1.0002260514756287","656622998.1748104","656572957.69"
"2020-11-14","0.9998452228996367","1.0042510675947887","0.9889818170817393","1.0005599540938148","633080624.7299738","633105900.11"
"2020-11-13","0.9998501173577643","1.0041587369425917","0.9931094510471147","1.0004697763183243","636777887.2916583","637180937.72"
"2020-11-12","0.9997519402225309","1.0059326097442882","0.9874396948345532","1.000642289497775","628009556.4068971","628075783.68"
"2020-11-11","1.0003668272044945","1.0101206177189903","0.9958664111218202","1.0007245298276772","620372485.5121449","620014003.43"
"2020-11-10","1.0003983076359688","1.0052462061858507","0.9934631841638474","1.0003075044068437","592935294.7191871","592589875.2"
"2020-11-09","0.9996529880851247","1.0042690495122133","0.9860935238541915","0.9993689243823692","635022576.3364187","635220523.55"
"2020-11-08","0.9998255270154613","1.0098179038489656","0.9898088831380422","0.9977197326413128","635635860.4144976","635220523.55"
"2020-11-07","1.0003534669905643","1.0088110881214876","0.9879959111473735","0.999886806193034","640334803.8068172","640173695.93"
"2020-11-06","0.9997438869517165","1.0604736325024493","0.9897351958352423","1.0008802171169213","666784648.403834","667375954.1"
"2020-11-05","0.9992275766469323","1.0092971330576166","0.9901596162213162","1.0014194576081354","678146252.0342273","677775170.13"
"2020-11-04","1.0001196779489998","1.014452877085133","0.9921953885978586","1.0012410878744538","687326666.2310624","686200387.06"
"2020-11-03","1.0000746977774098","1.0076495159340573","0.9954717062042441","0.9997221988375242","695651533.9083769","695877449.45"
"2020-11-02","1.0002749228413241","1.0048217376938309","0.9916574361776458","1.0000994399999998","709570308.983409","709707731.05"
"2020-11-01","0.999801203376082","1.0053452696311238","0.9966152753822551","0.996483630199194","710021226.4701194","710353927.51"
"2020-10-31","0.9999953146823207","1.0082277163233107","0.9898268831704952","1.0002628868970966","710625522.7466135","710353927.51"
"2020-10-30","1.000060373549212","1.0069266759069828","0.9930342729907811","1.000281500580027","717604304.0803356","717230505.33"
"2020-10-29","1.0002941058571817","1.0062079861006308","0.9959013917062085","1.0001149258289759","722097876.0659423","721812199.78"
"2020-10-28","1.0006152156125383","1.0045134164985217","0.988375922557672","0.9998330134769635","729543430.1734209","729966222.33"
"2020-10-27","1.0002028588639424","1.0093490569643846","0.99391530625371","1.000294704272211","735571452.3627449","735778076.99"
"2020-10-26","1.0002401326909607","1.0042017083393855","0.9947585725616579","1.0006841624750478","756728154.1528772","756279048.14"
"2020-10-25","1.0000350081038505","1.0040846773518721","0.9955175583123619","0.9997018476992552","747124345.0906678","746961679.07"
"2020-10-24","1.0004603549994884","1.0041733162408255","0.9971934222319806","0.999847436220631","737765037.9971095","737644120.73"
"2020-10-23","1.000222622283752","1.0045927596528361","0.9906352663163597","0.9994625034297085","805373348.8689599","805754035.5"
"2020-10-22","1.0001706508219779","1.1869916648030465","0.9923028484273251","1.0000211012796352","805274490.4122025","805754035.5"
"2020-10-21","1.0000464685685784","1.0149315958095384","0.9445113071244872","1.0001835143937479","806121430.1524459","805754035.5"
"2020-10-20","1.000327501658976","1.0045859934001753","0.9910999495576722","1.0005018944520638","799069781.6155908","798818925.15"
"2020-10-19","1.0003203629207282","1.0063926611940386","0.9969656401764508","0.99999984","809997819.792487","809505689.08"
"2020-10-18","1.0004226355113919","1.0033866281866681","0.9982369367821896","0.9999887962365945","810153131.7301263","809505689.08"
"2020-10-17","1.0004360537714492","1.003011178128446","0.9981858448633436","1.000421282642793","803718922.722216","803558211.08"
"2020-10-16","1.0002607917929505","1.0170164361341976","0.9831323518602628","1.0003877468329867","807823238.996475","807742464.75"
"2020-10-15","1.0002425241616517","1.0050611784038526","0.9959028412836968","1.000397883745611","789188201.36","789188201.36"
"2020-10-14","1.000340545448854","1.003518916760706","0.9925819429967402","1.0005908417798428","733821374.1284008","733100866.79"
"2020-10-13","1.0005961737570612","1.0037081585085084","0.9960257550025525","1.0000573307071488","715759016.8439771","714905876.28"
"2020-10-12","1.0004635787564151","1.0044705844584927","0.9923216496183981","0.999998637217337","673115896.283421","672746906.88"
"2020-10-11","1.0002548388799886","1.0035620496947595","0.9974024967763919","1.0000890049227906","666551496.2986199","666584509.74"
"2020-10-10","1.0003539726077146","1.0137256933828191","0.9954889488451479","1.0002107904505828","653103444.2473052","652296054.65"
"2020-10-09","1.0003596393720802","1.0089199986052122","0.9964197601950582","0.9999249855561894","619047821.608888","618862162.96"
"2020-10-08","1.0005215539047385","1.0084676153437986","0.9934110297793075","1.0003846288698885","608973207.8137456","608226680.25"
"2020-10-07","1.0002340268082386","1.0046368804296675","0.9959055827988058","1.0004945708131494","584800186.1300274","584160425.32"
"2020-10-06","1.0003730142325138","1.0033101846128794","0.9951977636771512","1.000744185222873","580247935.7744979","578757820.23"
"2020-10-05","0.9991165687725059","1.00255489144702","0.9950048255967923","1.00009994","555743939.192526","555632812.63"
"2020-10-04","1.0003114511832611","1.0046752542795865","0.9981843007743881","1.0003230714466025","546571919.8205353","545844333.87"
"2020-10-03","1.000765638636493","1.0038142501336977","0.9969789228791265","1.0004641661071716","518647272.5231943","518106717.88"
"2020-10-02","1.0004676877971952","1.0050186428879126","0.9847617315114623","0.9985117871155065","504226260.58248746","503349908.47"
"2020-10-01","1.0007466408508694","1.004349593563829","0.9855064729209623","1.00215932788652","500370150.6589522","499521091.58"
"2020-09-30","1.001226817234221","1.0050274507363006","0.9967584268960518","1.0011211861193916","485001687.976221","484290028.64"
"2020-09-29","1.0007691784152235","1.0059997270018046","0.9945094310163878","0.9991527655986241","490462714.60155547","490169060.97"
"2020-09-28","1.0004950082336614","1.0051808893261804","0.9916709831736684","1.0019096666689935","465912873.412441","465773141.47"
"2020-09-27","1.0006097390401876","1.004984043038994","0.9958062691978176","1.0008037930083258","463428397.8773241","463660135.25"
"2020-09-26","1.000583678639484","1.007910227026181","0.9959078964572636","1.0014671484449271","442784553.28518444","443227233.9"
"2020-09-25","1.0003917114707863","1.006358919236744","0.9929258933959368","1.0010446803632294","438375559.8924376","438550769.89"
"2020-09-24","0.999843514612304","1.009718500624988","0.9959777039326859","1.0011303891890124","426243270.477774","426158038.87"
"2020-09-23","0.9998828724716043","1.0046167530854606","0.9874945820824877","1.0006707162581214","414742628.7916276","414784040.76"
"2020-09-22","1.000690291485282","1.0096717868157623","0.9954010708811205","1.0007452702501705","410040044.2706706","409876930.38"
"2020-09-21","1.0009931959344776","1.0089553742237323","0.9876276594123679","1.0001852703381013","404207270.6776272","404206595.37"
"2020-09-20","1.004503766713585","1.01538148673213","0.9811280666685116","1.0006398080526282","391342299.9142093","390522275.03"
"2020-09-19","0.9992342729995044","1.0116458114823617","0.9889499324352299","1.0025156230581522","397157251.21264553","395272032.15704936"
"2020-09-18","1.0017592641033801","1.005972752907229","0.9867033392432186","1.0039994327688944","392583585.39621675","392858372.8593797"
"2020-09-17","1.0029624347934512","1.0079919492109768","0.9940075526803258","1.0007161487493275","385079163.14762384","384628942.75"
"2020-09-16","1.0008567380237963","1.0039935836862022","0.9922283236720387","1.0011049300397952","364015451.38385","363906279.5"
"2020-09-15","1.0004726956602674","1.004603215083625","0.9971669751278001","1.0008086233876305","352754714.3461184","352578425.13355166"
"2020-09-14","1.0002591815312758","1.0070245742243926","0.9926694411285417","1.0002111053950176","307901369.90065926","307993624.81035113"
"2020-09-13","1.0002910236914415","1.0049892952102601","0.9916006500719056","0.9996805754406654","299351219.8945281","299231527.28361464"
"2020-09-12","1.0004812623360202","1.0065907963730936","0.9941010879704799","1.0007084252765732","296519199.87833667","296548854.763813"
"2020-09-11","1.0003045234693482","1.0051936610676149","0.9959573861991623","1.0005225751368487","288283753.56497264","288197294.37665963"
"2020-09-10","1.0002143597653286","1.0056278114326789","0.9935550174906803","1.0010454639231527","255533932.15394592","255508381.31581435"
"2020-09-09","1.0006781706748658","1.007042368146843","0.9922807361054804","1.0002543945869022","216068443.90754986","215982042.450424"
"2020-09-08","1.0006653399750813","1.0138774664049344","0.9838363636486552","1.002434336401839","200801204.6186344","200821286.74730912"
"2020-09-07","1.0005144367437915","1.0179582076839968","0.9904864558393882","0.9998000100000001","197830014.42192835","197908990.43721983"
"2020-09-06","1.000450919444801","1.012057539817048","0.9848849218290661","0.999164096393175","192000334.14204583","191981186.6669009"
"2020-09-05","1.000849363147054","1.023754905857023","0.9792152137230061","1.0013246193328993","193513766.41048282","193417057.88154206"
"2020-09-04","1.0010723245228283","1.0128358346812298","0.9875925592435983","1.0028576488768044","186616010.72513866","186541394.16747168"
"2020-09-03","1.0018853679987307","1.017476664732102","0.9611849704901311","1.0000533818102249","183919222.80046773","184213303.6538745"
"2020-09-02","1.0003963586328497","1.0116707343590667","0.9758260467456019","0.999931223281692","185131794.96791938","185158023.88040724"
"2020-09-01","1.0004461442754449","1.0126697292540385","0.9929824764912435","1.0011270764897766","189889237.241287","190041130.7218965"
"2020-08-31","1.0002725465726217","1.0054928986219234","0.9976493168250042","1.0015136681403358","187665873.60106885","187590837.2661624"
"2020-08-30","1.000360371319233","1.0056094194539975","0.9983645803707842","1.0004589067093816","187516052.31738916","187590837.71606743"
"2020-08-29","1.000725255932393","1.0048451171949968","0.9982558670821686","1.000569113348695","196190164.18488592","196111719.4970871"
"2020-08-28","1.0005540639083668","1.0054344407224636","0.995962271173611","1.003207615400091","199642374.58770758","199642374.58770758"
"2020-08-27","1.0004095124205779","1.0172911513295937","0.9894298030230606","1.000528452834451","195963585.88347378","196158527.03401464"
"2020-08-26","0.999976877262564","1.0058906122553612","0.9971716535791298","0.9999731588061337","196984102.37802058","197139083.2625974"
"2020-08-25","1.000479663723285","1.0072832124582305","0.9891227812937209","1.000696454360269","204121064.2170405","204202492.30739546"
"2020-08-24","1.0005594583231552","1.0048731061407068","0.9967704444566327","1.0000713607710388","213111150.43386737","213025940.05784425"
"2020-08-23","1.000377103110637","1.0041787299772689","0.9964379309929022","1.0002153440229993","203659371.31797284","203516909.4813359"
"2020-08-22","1.0004919438055437","1.007675004462171","0.9879171757444636","1.0009668371919327","197095954.8546666","197095954.8546666"
"2020-08-21","1.000908587856789","1.0086297673365021","0.990882270953226","1.0004949422158003","201332765.70941418","201312634.44596958"
"2020-08-20","1.0002520236436183","1.007461313208447","0.997190488447077","1.0008315214807344","195582871.39930472","195563315.06779793"
"2020-08-19","1.0006052461458763","1.0052729526246784","0.987315247901387","1.0012266657469162","209328048.92664874","209579418.54409292"
"2020-08-18","1.0003559200474732","1.0061284067445624","0.9864488184379057","1.003600939604072","201000095.67994818","200899645.8570197"
"2020-08-17","1.0003235230162673","1.006719591995522","0.9897977708598314","1.0019720914174404","189153422.59320736","188740771.57806745"
"2020-08-16","1.000288762631155","1.0036362355815063","0.9928502146340544","1.0001830572419708","188858996.80797774","188740770.66000664"
"2020-08-15","1.0002139573231292","1.004875700352875","0.9966847645901066","1.0013461094998615","192755724.51206776","192755724.51206776"
"2020-08-14","1.0000661592647624","1.0042827145554762","0.9945670260157182","1.0027793652872414","179073439.02522844","179073439.02522844"
"2020-08-13","1.0000604923891812","1.0106659209483924","0.9872396748684696","1.0000638558175332","173395799.56112286","173459248.55427063"
"2020-08-12","1.0000681955142872","1.0056278697389442","0.9903161752028375","0.9996519081343629","160814191.2828047","160701989.91013783"
"2020-08-11","1.0001325805659043","1.0045665067705933","0.9878703828330182","1.0005856215304372","169677803.26797107","169711745.6170945"
"2020-08-10","0.9997012869822784","1.0049135061534793","0.9825022668154608","1.000081540019421","179950660.16281003","180166091.40782455"
"2020-08-09","1.0002335458541927","1.0110037083776202","0.9914066937219994","1.0011397101084785","178885271.78262666","178996750.41296715"
"2020-08-08","0.9999466465699091","1.0044693955789075","0.9948294520686912","0.999202417446786","165526408.2661163","165545914.13672137"
"2020-08-07","0.9996802353248914","1.006847087531127","0.9874024968176877","1.0002041907707286","163329539.4369466","163329539.4369466"
"2020-08-06","1.0004440708882394","1.0040175293861275","0.9963841496112629","0.9993477518625364","163243965.22207618","163227642.4578304"
"2020-08-05","1.0001731676010446","1.0045590269383895","0.9865284246530226","1.0004912803732917","159432032.14993483","159511593.84052312"
"2020-08-04","0.9999726559820715","1.01048037340338","0.9920700472774701","1.0006016242310596","157526012.94368744","157565920.36351484"
"2020-08-03","1.00014966046684","1.0056218288738914","0.9947932926541821","0.9988961531073154","161639982.78406218","161639982.78406218"
"2020-08-02","0.9997619674533595","1.0161844554154855","0.987324293384295","0.9991680490420839","151900191.97530377","152158482.97734118"
"2020-08-01","0.9997589354179339","1.0091687445016724","0.9942035684948162","1.0012374649320346","158771924.51810724","159231366.76539212"
"2020-07-31","1.0000414328347738","1.0052235266915055","0.9956408055664182","1.002093605860701","147125087.9578064","147007845.66160303"
"2020-07-30","1.0007120974405712","1.004303232342992","0.9934290049272607","0.9996295037681795","151260760.87962082","151547934.64482608"
"2020-07-29","1.00025579172179","1.0055236099955058","0.9905909726438338","1.0013596599180754","147850062.9479525","148411197.87371808"
"2020-07-28","1.0007310689132844","1.0105091519156568","0.9888055437976889","1.0001803549081938","169295142.44937003","169295142.44937003"
"2020-07-27","0.9999796251437707","1.0143504130896086","0.9769087025155618","1.0001586082796252","171561847.43403783","171922174.71132007"
"2020-07-26","1.00060648993221","1.0136720554179899","0.9959849061356691","1.0002673827122086","177780166.57390603","178080604.59849223"
"2020-07-25","1.000434093539521","1.005330431160379","0.9972047222304625","1.000469260398701","178151835.34442985","178080603.10318857"
"2020-07-24","1.0010947223415994","1.002888240031248","0.9955821596717697","0.9998762125764857","176770752.59100568","176753077.28327736"
"2020-07-23","1.000171038945493","1.0043978509614047","0.9980042891144926","1.0004111349351268","185530045.12215567","185474402.80131528"
"2020-07-22","1.0004235645463122","1.0027990700000002","0.9989332572815928","1.0001921166898284","182984436.10383418","183203833.46629894"
"2020-07-21","1.0000242049082713","1.0081680170305904","0.9916178592542351","0.9971564579079996","185020748.46561268","184946769.7577096"
"2020-07-20","1.0001807480593612","1.0124189634452019","0.9871333306247418","0.9985139755123061","184946769.8338438","184946769.8338438"
"2020-07-19","1.0003104694375178","1.0068491064082858","0.996256888220471","1.00039769363729","174640437.01407328","174565506.00844863"
"2020-07-18","1.0004161666629436","1.0028439184098723","0.9984995288513476","0.9995223885817295","172073072.7323898","172004271.02398023"
"2020-07-17","1.0001353462566913","1.0044080956362347","0.9983606061194403","1.0008059151825577","166851835.90836826","166701959.65217122"
"2020-07-16","1.0005846784096148","1.0037919574548553","0.9902934771931075","1.000386348391856","163374053.6489306","163183290.0243224"
"2020-07-15","1.0003456134981068","1.0050359521101724","0.9964002831452716","1.000422226764702","162669740.87661496","162637311.2091921"
"2020-07-14","1.0006857455541138","1.0034636011849043","0.9960027570665577","0.9996399882349358","165754343.84528288","165721199.60536182"
"2020-07-13","1.0003975268106045","1.0048627925552374","0.9951081421196976","1.0001860231138138","173462415.24283662","173496178.91311744"
"2020-07-12","1.000466121909296","1.0046718529083731","0.9981686016505074","1.0005541489975553","173582926.8565618","173496178.76717824"
"2020-07-11","1.0009230840653995","1.0034011999999999","0.9941662971677747","1.0014288300424175","165921296.52620095","165838377.3375322"
"2020-07-10","1.000818018207358","1.005015490812533","0.9970977571327594","1.0001344324329853","167145451.20677578","167162164.08060908"
"2020-07-09","1.0006093205264592","1.0062179224477477","0.9916823283021223","0.9996582600860812","178592703.64065796","178717340.6115243"
"2020-07-08","0.999685755678008","1.0046985","0.9963924848519967","1.00101668820613","172952505.92223418","172952472.52244273"
"2020-07-07","1.000461367432351","1.00400144","0.996819307444403","0.9997884642399966","174225277.11208642","174242580.64972544"
"2020-07-06","1.0004764927119743","1.0066875122279115","0.9982447651244972","1.001656456219161","174145961.87439716","174093733.75427088"
"2020-07-05","1.001914049698776","1.0066270761359661","0.9920028220236587","1.0001952100071339","168635866.15210164","168685985.63485238"
"2020-07-04","0.9996533223466322","1.0037007","0.9965811933180628","0.9991008138665879","168635447.15968996","168685985.71809217"
"2020-07-03","1.000815431960699","1.0035","0.9988246170682981","1.000437992736318","177533236.68131092","177692658.74237117"
"2020-07-02","1.0005833005816092","1.00470172","0.9913927391506991","1.0003855040234448","165596916.53145143","165795672.58249936"
"2020-07-01","1.0005806547946916","1.0048017599999999","0.9983176546435754","0.9997790457952318","165790037.8373476","165795673.81507573"
"2020-06-30","1.0004470899913782","1.00390248","0.9964801552962159","1.0021137429804714","165911624.8676631","165795672.4148689"
"2020-06-29","1.001744881353834","1.0052619369303246","0.999209524","0.9999242949780057","165878570.8908946","165795673.05436742"
"2020-06-28","1.000500151726276","1.0066820361927604","0.9968886055730726","1.0000109104768404","166094047.99985904","165795673.40638545"
"2020-06-27","1.0004436816015567","1.00370312","0.9955893802023981","1.0002105847245626","165785560.34074667","165795673.91619846"
"2020-06-26","1.00035992052085","1.0072020463649012","0.9941877785126041","0.9992151010917877","165977943.28033867","165795673.70504007"
"2020-06-25","0.9996996152996599","1.0085229686142645","0.9903163558984522","0.9996873300963426","165923519.52136433","165795672.4962325"
"2020-06-24","1.0003424967386896","1.0070097019167683","0.9953522249320864","1.0004461895756487","165962107.88264245","165795673.4860364"
"2020-06-23","1.000298234788742","1.00330116","0.9977494470521413","1.001137040389715","165975510.2498267","165795672.5206077"
"2020-06-22","1.0005481680797108","1.0065766335765505","0.9976221043056883","1.000424264026281","163656480.3154554","163464821.08098015"
"2020-06-21","1.0007913233844108","1.00450234","0.9986612072986819","1.0006242800177811","163464432.94963813","163464820.2969197"
"2020-06-20","1.000181790142359","1.0180698131240944","0.9956728188590555","1.0002733802144887","163971518.88064086","163464821.1795929"
"2020-06-19","1.0011912609515425","1.0033026","0.9946219232786178","0.999538664429668","163579245.98607716","163464820.611649"
"2020-06-18","1.0001852937252016","1.0031485797385462","0.9910016443534517","1.000799240779476","163518851.1517695","163464820.5575988"
"2020-06-17","1.0005867444856233","1.003880084154772","0.9979730904218739","1.0008234119983879","163448633.67324814","163464820.8793655"
"2020-06-16","1.0003993197237258","1.0077641485286484","0.996577698996222","1.0006774099541302","163466362.5856434","163464820.8432603"
"2020-06-15","1.0003702573823319","1.0074687321820226","0.9962911243381642","1.0002978822802893","163574000.97971404","163464820.80840668"
"2020-06-14","1.0001466148516736","1.0031366592464002","0.9950256560757551","1.000662059438042","163530205.85710695","163464819.9291353"
"2020-06-13","1.000057180595075","1.0037452313498065","0.997663331182652","1.0004778630359497","163547685.05363986","163464820.89041677"
"2020-06-12","1.0002467902402448","1.0052460691818352","0.9963068059550494","0.9986700444983245","163595583.93932462","163464821.410248"
"2020-06-11","1.0002375676508835","1.00783967853979","0.9923286156012305","1.000732222280653","178534988.9372926","178506549.51019424"
"2020-06-10","1.0001490481938942","1.0042008","0.9981153133062546","1.0007278488670497","167856000.01732367","168088990.4171467"
"2020-06-09","1.0002320449121078","1.0056336803562755","0.9873114019568338","1.0032676876231885","169630548.28582215","169613586.92712945"
"2020-06-08","1.0000370453561118","1.0061288665782324","0.9963523825081749","1.0008024743692412","167194179.1920099","167116131.78560248"
"2020-06-07","1.0001010876928451","1.0040056313981633","0.9965070270649969","1.0001387691480026","167199689.190554","167116131.1249915"
"2020-06-06","1.0004279508562777","1.0061806731922105","0.9966076614381589","0.9965126830061112","166589368.15932715","167116130.77051035"
"2020-06-05","1.0001804742188107","1.0024908359999998","0.9917282819882373","1.0005603278486632","169645323.31107882","169567686.39162168"
"2020-06-04","0.9999662468479077","1.0083342844790668","0.9911146835667011","1.0012157816330487","173944181.69760114","173769899.93517324"
"2020-06-03","1.0003972373122982","1.0052746279792497","0.9955182006191374","0.9988278401585996","165742187.51850587","165890469.74005756"
"2020-06-02","1.0003447423681378","1.0039474504955492","0.9884979342880283","1.0016304509309089","168998458.2984456","168809508.18809995"
"2020-06-01","0.9999565250982662","1.0042274634075192","0.9962296007419834","0.9999789144728155","171700274.38834456","171665941.20010453"
"2020-05-31","1.0001192973742303","1.003952608846379","0.9944829482734707","1.0001266978417824","171683108.1019251","171665941.50777432"
"2020-05-30","1.0007095228894578","1.0060170579106982","0.9964045830755444","1.0005203819617492","171772182.38942286","171665941.35389048"
"2020-05-29","1.0004101407057635","1.0035377890930037","0.9939567175947612","0.9995509545214953","184053791.282539","183702200.0858072"
"2020-05-28","0.9995671782580204","1.0071248763359832","0.9973603042981847","1.0010107690171235","189774666.3351858","189793248.8221589"
"2020-05-27","1.000892630968036","1.0074424356376372","0.9981164250437525","1.0000358314417384","188647238.95217574","188515278.25739557"
"2020-05-26","1.0003800168403174","1.006330711669039","0.9949919910405304","1.0003904789975377","178195709.78973025","178041178.23070768"
"2020-05-25","1.0005958139903763","1.0050253214146319","0.9969734168295685","0.9956847970434644","177782307.38670376","178041178.30198878"
"2020-05-24","1.0001213752379279","1.0059030486230174","0.9912456284862652","0.9995849555490235","178126092.03704104","178041177.7686532"
"2020-05-23","1.0007077128372126","1.0049712662948933","0.9944790612789338","1.0006104001550138","178059692.6186169","178041178.32421747"
"2020-05-22","1.0001237748726814","1.0063630936808734","0.9970267717104027","1.0006700449296282","178060384.93487474","178041177.34322664"
"2020-05-21","1.0003671795226796","1.0140990998181993","0.9930600049515346","0.9994647249245244","177962091.85116902","178041178.0856322"
"2020-05-20","1.0004008380422897","1.0066871836536058","0.9840208620421097","0.9997379634134869","178030275.0013921","178041178.2958121"
"2020-05-19","1.000554845612567","1.0152788126571557","0.9929078420743125","1.0012353919272208","178282120.49721462","178041177.31741437"
"2020-05-18","1.0003902869924097","1.005155428002887","0.9939311125932502","0.999729829","178111153.03183225","178041177.07227153"
"2020-05-17","0.9996166754591498","1.0135816201790318","0.9909531048378128","0.9978671906568842","177655942.18237382","178041178.31759536"
"2020-05-16","1.0006119838629024","1.0062433137376843","0.9944160481169662","1.0021096417565456","178411894.319186","178041176.82170388"
"2020-05-15","1.0003222107260836","1.012585557043138","0.9897648134209855","1.001536348873413","178319903.35621333","178041177.82152924"
"2020-05-14","0.9998489060086062","1.0094364852825275","0.989814043406844","1.0022836024560373","178315496.7496021","178041177.31292003"
"2020-05-13","1.0002474534570664","1.0097342150627562","0.9965899751558056","0.9996158852498481","177902083.0274664","178041177.4152326"
"2020-05-12","1.0003171614187043","1.0089606631189125","0.9912287350798202","0.9945344912390955","177004331.95919344","178041177.82756203"
"2020-05-11","1.0005190038705905","1.0162357550735683","0.9787973036999336","1.0024351423143576","178466799.14691895","178041177.50049588"
"2020-05-10","1.0005076376231938","1.018021607837317","0.9145323810044684","1.001029436102666","178197624.7626431","178041177.58974528"
"2020-05-09","1.0003046587403135","1.004905891065336","0.9947161056808899","0.9985075394024281","177757661.14684805","178041178.37788224"
"2020-05-08","0.9998734806003933","1.0049656890539858","0.9929352452783538","1.0014944210648098","178153296.91255695","178041177.56720775"
"2020-05-07","1.0002522499579225","1.0141148683957182","0.9959765816826839","0.9976202245249831","177602530.8272454","178041177.28462803"
"2020-05-06","1.0002355175953557","1.007216718203982","0.9941565131783249","0.9997606651128086","177997517.44778374","178041178.43424198"
"2020-05-05","1.000455774375687","1.0055943394873912","0.9851220117844114","1.001107587024236","178206854.39690626","178041177.67660794"
"2020-05-04","1.0001182607383508","1.0051399003888954","0.9908873723311903","0.999679478","180847375.34936","180765482.38794512"
"2020-05-03","1.0003705401394798","1.007061675936854","0.989251809468715","1.0017870962360602","178312967.9736203","178167161.42221949"
"2020-05-02","1.0003867626471168","1.0067740540465195","0.9903375027491588","0.9992117650908263","168859524.744488","168989601.9941657"
"2020-05-01","1.0001445260214623","1.0054838103461818","0.9948531232995649","1.000814689145601","176465423.53111532","176405208.04180455"
"2020-04-30","1.0003657827028685","1.0138862863848863","0.9796722564249349","1.0006203083686052","190253376.98318523","190177306.06076095"
"2020-04-29","1.0001873687471625","1.0102441661372739","0.988278520629086","1.0009195083620388","193945265.81787893","193771489.67158628"
"2020-04-28","1.000426479021008","1.0030549146137457","0.9958733865208601","0.9990297645817001","192604106.55191958","192738443.65876606"
"2020-04-27","1.0000235008557588","1.004885952761681","0.9955042117792088","1.0046965149546176","196117271.8703386","195255129.325679"
"2020-04-26","1.000115047101179","1.0045004912928885","0.9913985733410547","0.9992465983776927","190547049.00405443","190748646.7136736"
"2020-04-25","0.9998204402779396","1.0031181715273414","0.9967159348364877","1.0003992934306822","180144815.35882002","180220082.9590447"
"2020-04-24","1.0002641540147579","1.003071820007765","0.993785968857192","0.9998951489664982","186489402.279672","186565776.53098285"
"2020-04-23","0.9999495371078354","1.0303483906202167","0.9969683096790775","1.0010495237296695","193386737.52475893","193223819.48518616"
"2020-04-22","1.0004484440062735","1.0095120552186865","0.9984517193206717","0.9997804289474554","196967117.10208863","196973924.8868245"
"2020-04-21","1.000766527932275","1.0056240314040226","0.9964245178688125","0.9985819832251098","197000281.64339975","197298823.59696117"
"2020-04-20","0.9999646294285431","1.0079478722565","0.9908513475739467","0.9999901225628944","204439328.3412873","204498053.61280033"
"2020-04-19","1.0002949334115852","1.0051121387167181","0.994096908357659","1.0012133990686132","206200788.40078002","206006842.31471837"
"2020-04-18","1.000105032312877","1.0046042349289663","0.9977887315740858","1.0014671283067658","205459943.71953407","205405408.60578465"
"2020-04-17","1.0002291321642474","1.0084606676526067","0.9940389778883426","1.0009183034633247","199629326.76255387","199410006.07059553"
"2020-04-16","1.0006491303455987","1.0242286023734248","0.9894078937134019","0.996661421223379","197862849.6972699","198560549.67730686"
"2020-04-15","1.0002543357951852","1.0032086926770483","0.990984320818107","0.9993770630376899","197527506.88522908","197590879.74769893"
"2020-04-14","1.0000585338488124","1.006265025841695","0.9954732368636366","1.0008906870215906","188730842.77992415","188562401.921529"
"2020-04-13","1.0003875149539279","1.0114958954045337","0.9886048310343162","0.9958242428897631","187607933.07840395","188455685.59917444"
"2020-04-12","0.9998059678040524","1.005042187643214","0.986962941465719","1.0020128957581695","187171155.80594078","186610641.37986007"
"2020-04-11","1.0005606519299077","1.007415068622049","0.9914424782437822","1.0023228401399613","187330042.77552408","186610641.20800108"
"2020-04-10","1.000758442463692","1.016274651316114","0.9854471578187826","1.0000320215199205","181337521.0553566","181500367.63786098"
"2020-04-09","1.0001255724099962","1.0040346388901575","0.9953734619808167","0.9980171246343161","179554948.25918204","180104380.79262948"
"2020-04-08","0.999859910590888","1.0087547457718067","0.9928694613858492","0.9996981741354435","178218730.51512447","178278549.54144236"
"2020-04-07","1.0002599885987014","1.0098337901731427","0.9834355906954246","0.9988236299042454","187700626.66067722","187887848.89085442"
"2020-04-06","1.000741470809894","1.008715835854115","0.9926542649088838","0.9996982000000001","197865661.8015185","198095220.6643077"
"2020-04-05","0.9995094392465654","1.0045174889512614","0.9920746501104833","1.0032529195723332","198811108.95395142","198095221.32775962"
"2020-04-04","1.0007369275364284","1.008584514163135","0.9952600247571805","0.9991903691900865","197747212.00058225","198095221.46402904"
"2020-04-03","1.0001144693660402","1.003017377414049","0.9911144388460277","0.9984820644199225","203451051.77843642","203695621.50968695"
"2020-04-02","1.0007121988401344","1.0272130238370072","0.9805196197827238","1.00660218186304","208021260.48358813","206686860.1338611"
"2020-04-01","0.9999762707453345","1.0108958069625196","0.9901874917141429","1.000222571831239","187836097.90034693","187790574.74835104"
"2020-03-31","0.9999808514925714","1.0061455761646387","0.9943820416050037","1.0005989370443664","180722706.25763485","180489487.26488847"
"2020-03-30","1.0002662476199855","1.0152888902663966","0.9973439738412709","1.0014785561948918","181806897.02504745","181488951.186402"
"2020-03-29","0.9999123505645714","1.0030389791641239","0.9956139178966971","1.001075273560332","185613210.93206355","185346233.81497842"
"2020-03-28","1.0002356062444857","1.014079013777129","0.9882181459762945","0.9954817944369613","184527896.58834568","185346233.0201032"
"2020-03-27","1.0005201603687381","1.0080363852797363","0.9911133053124922","1.0010142779029618","192325871.97711238","192149980.26137364"
"2020-03-26","1.000100095529552","1.0076464789487731","0.9942250533141529","1.00387226678428","183751398.7637045","183016397.13603663"
"2020-03-25","0.9997275742044405","1.010672920639258","0.9954801334786878","1.000381349671922","183581873.29891267","183581873.29891267"
"2020-03-24","1.0006353397638539","1.0195886764474573","0.9852715376941844","1.0066044090281492","180211214.83855984","178957882.7853137"
"2020-03-23","1.0000322326816267","1.045488312698457","0.9826284305223684","1.0001862907135157","172854567.9781398","173231872.43786865"
"2020-03-22","1.0001688344571422","1.0087401263846836","0.9821387136418753","0.9972793947792625","170723764.2075976","171138407.8311451"
"2020-03-21","0.9998122435116216","1.0120270574040358","0.9882023344014551","0.9998991626301497","171066666.89769584","171138408.5745919"
"2020-03-20","0.999776899986898","1.0349314267298797","0.9755234172879019","1.002252204973417","162161627.457139","161795903.21557656"
"2020-03-19","1.000085269359389","1.0451249173403847","0.9879444976451903","1.0027055736155461","156644197.35104376","156578666.2732684"
"2020-03-18","1.0000300176327677","1.007595986430256","0.9828993667925383","0.9995307275699845","156382596.01799223","156909763.81346282"
"2020-03-17","0.9995004658692016","1.0243418553127377","0.992764156615135","1.0082435874284235","137885336.26207787","136758309.1911786"
"2020-03-16","1.0018617988750866","1.0367908684831117","0.9627279456303187","0.9987225967979447","126265101.24901262","126147223.4858678"
"2020-03-15","1.0014739219726714","1.0733348979622865","0.9491534876352279","1.0009462358783738","133702129.01520847","133125064.43922032"
"2020-03-14","1.00486135516291","1.0170011317346883","0.9794615712132856","0.9975811293030493","106402502.79010989","107326328.58778681"
"2020-03-13","1.001303876937269","1.1074115836189324","0.9762436548000086","1.024358409414569","110143821.53982376","107214746.73203762"
"2020-03-12","1.0104865049486473","1.167807572977259","0.9220117544256414","1.0023578558429402","113524462.9024422","113423051.02135195"
"2020-03-11","1.0000094942036777","1.004750085663239","0.9934057445120978","0.9999805628947789","114329771.16018623","114290282.33443351"
"2020-03-10","1.0005093769208813","1.0060291633854843","0.9946904918159387","1.002151131713004","97899514.19440515","97678590.8009711"
"2020-03-09","1.0016093018437637","1.0087609970793487","0.9905672633025427","1.0008001199999998","91248534.56484342","90704218.23292594"
"2020-03-08","1.0014981945080943","1.008082670190659","0.9852023071574454","0.9997667354131282","90607367.36447334","90704218.6528828"
"2020-03-07","1.000550194091877","1.0030290124004242","0.9948298270647046","1.0012036626297387","90834251.9281979","90704218.61120489"
"2020-03-06","1.0004494867423797","1.0041754347650267","0.9975128893897709","0.9992883951108292","83801396.9953271","83904309.75914805"
"2020-03-05","1.0002618825686849","1.006699541710581","0.9976627711027963","1.000673117206135","86247793.32911754","86104684.54226425"
"2020-03-04","1.0005295580845774","1.0035114087444776","0.9969925026389066","1.0010361524290696","78204962.94572185","78158833.26969232"
"2020-03-03","1.0005748165004837","1.00739182072855","0.9954175894356558","1.000713912596429","73543727.18456766","73480817.0629512"
"2020-03-02","1.0004564981643582","1.0055847928377208","0.9982343014089929","0.9982977510347065","68238084.19918112","68276679.1266385"
"2020-03-01","1.00059337765216","1.0065217460975817","0.9973420989628639","1.0019540637072686","68515985.94810082","68276678.87495334"
"2020-02-29","1.000676841904681","1.0055730256843114","0.9967878718031099","1.001023743442517","70339300.20798749","70338972.58736435"
"2020-02-28","1.0005389832888076","1.010557450851934","0.9915068854552532","1.0015945421419594","70056624.54081371","69889998.49811524"
"2020-02-27","1.000057880435257","1.0094153221792344","0.9931884334274627","0.9999917064051235","63528773.097978584","63550970.68376303"
"2020-02-26","1.000890739016124","1.006662218004299","0.9941331532639155","0.9999681372920989","59692915.697266154","59640879.84476972"
"2020-02-25","1.0004204031103088","1.0042152585139499","0.9939349145784698","1.0011272516245198","59732546.50706009","59640879.93730066"
"2020-02-24","1.0005321138946763","1.0042658439109813","0.9934134017242824","1.0001667120966204","59447686.69125564","59640879.7636391"
"2020-02-23","1.000552068134777","1.0059426395877553","0.9988256991235865","0.999850479562032","59585395.982612155","59640879.650635764"
"2020-02-22","1.000016456622498","1.003144813292594","0.9970479932796008","1.0003586494501515","59681384.61184605","59640879.86213229"
"2020-02-21","1.0004013745675244","1.0041626803738177","0.9958757281879935","1.0008161592446145","17556184.51950525","17556416.214148287"
"2020-02-20","1.000298933125212","1.0043047629959727","0.9924935199467261","0.9987406079988979","17532172.10015032","17556416.162230283"
"2020-02-19","1.0002118776869322","1.0060859538219575","0.9961588394531825","1.0003629894353137","17534723.22477239","17556416.148728587"
"2020-02-18","1.0002882756297944","1.0090860342658567","0.995660073030677","1.0010149593462159","17582805.86627273","17556416.214525897"
"2020-02-17","1.000803479047209","1.0059492118034692","0.9929051088693913","0.9977948660885048","17475305.04886216","17556416.175321415"
"2020-02-16","0.9995076898774412","1.0136431195141218","0.995512832861886","0.9997520033281058","17558933.73579673","17556416.139059864"
"2020-02-15","1.0000876132687233","1.0043200298554908","0.9978107571732631","1.0003579877723763","17544200.42665727","17556416.17657248"
"2020-02-14","0.9999002791590765","1.0036195340114837","0.996979000586983","1.000066152397882","17551162.920321394","17556416.277558148"
"2020-02-13","1.0001851678934142","1.0068549321921818","0.9950236000839222","1.0000708871123296","17509690.292340126","17556416.215261873"
"2020-02-12","0.999203886349339","1.0040532734182845","0.9965822674415615","1.0011304837369681","19723409.449581854","19776512.48933388"
"2020-02-11","1.0004868418726884","1.0073543881450333","0.9968116390617607","0.999930011654323","22041294.591323208","22047350.776372563"
"2020-02-10","1.0003384956187042","1.0083442029532095","0.9937058868897201","0.99949934","29962205.09367431","29962205.09367431"
"2020-02-09","0.9997098666254134","1.0020328979213589","0.9966425781842495","0.9997994668696447","29940513.03992917","29962205.05825208"
"2020-02-08","0.9997793618050664","1.0021039495580317","0.9963566516275574","0.9996129121690365","32934497.656005796","32949400.041074786"
"2020-02-07","0.9996953925218943","1.002238181578373","0.9961517293148939","1.0002912017813321","16441052.26920221","16402103.61638537"
"2020-02-06","1.0003539112925155","1.0041294165800283","0.9956832660744495","1.0002323858836053","19651051.263509177","19633209.57806156"
"2020-02-05","1.0000001843829172","1.0063089038678443","0.9968548961618505","0.9995876268888739","21318136.70246957","21265381.736497942"
"2020-02-04","0.9998788268412669","1.0031497188161338","0.9972843278585544","1.0000587387864854","22531388.02114664","22519545.268445473"
"2020-02-03","1.0002503445018966","1.0032683277507741","0.998029914079839","1.0002966405076614","16683338.692228198","16651765.031182026"
"2020-02-02","1.0006912321899528","1.003942425715481","0.9951586281680536","0.9996108160981844","16664517.958820326","16651765.093161257"
"2020-02-01","1.0002935717647323","1.0042611033700215","0.9979414288901184","1.0008146127308855","16690631.614689227","16651765.054312928"
"2020-01-31","1.0003414050748263","1.0034070468912213","0.9967566818232569","0.9999318875774563","17970100.090654228","17949301.683507852"
"2020-01-30","1.0002859812786513","1.007028227260583","0.9965492109349934","1.000177988167215","18733424.50917758","18719648.748586934"
"2020-01-29","1.0000772043358996","1.0041781199370945","0.9932751694674765","1.0007072804610058","20811944.790601283","20780944.33291749"
"2020-01-28","1.000997398026576","1.0072928924855018","0.9965128787151014","1.0008542466268853","21849926.105903167","21788499.98021573"
"2020-01-27","1.0002685584105069","1.00331169970907","0.9970528472055353","1.0000068954932095","23709143.75484984","23605815.79805956"
"2020-01-26","1.0002127212848477","1.0060062048969225","0.9978024117505868","0.9993061362697878","23595198.361853573","23605815.649367195"
"2020-01-25","1.0011676881839615","1.003808589064415","0.9975817997085621","1.000067239583818","23651508.712617315","23605815.72789004"
"2020-01-24","1.0002806163833589","1.0046023548949585","0.9970154058627363","0.9991330807235369","25214574.682403885","25168405.219254874"
"2020-01-23","0.9996923064610738","1.0042689954940927","0.9961465909784426","1.0003474887668817","25713809.087532435","25643402.741072074"
"2020-01-22","1.0000077767339017","1.0026857068175228","0.998003817695121","1.0008785300699536","26897602.451356508","26881814.155212678"
"2020-01-21","1.0000109130585133","1.009828840816895","0.9977398440969745","1.0003607382887398","34438733.35045049","34390601.66779643"
"2020-01-20","1.0000310614780767","1.0034584134302713","0.9963454446370551","1.0010792235140942","25533077.176773544","25484627.314958032"
"2020-01-19","1.0005932135893887","1.0102329777581054","0.9719180133538138","1.0002208701029769","25443711.472183555","25484627.317625087"
"2020-01-18","1.0002679802425007","1.004240382211382","0.9961394051832826","0.998177295640611","25459598.408357356","25484627.23872151"
"2020-01-17","1.0002491471106714","1.00644445093406","0.9941579804953","1.0007186978998133","18723746.185157098","18693528.900927108"
"2020-01-16","1.0006279322302534","1.0052707771223122","0.9887261561272621","1.000754211165182","20086416.5931075","20055525.767097693"
"2020-01-15","0.9998634923912963","1.007272272684464","0.9864693324718918","0.9931091104871601","22485636.69097208","22643246.635194693"
"2020-01-14","0.999429532975174","1.008235414790124","0.9876105800323017","1.0005609768945283","23272257.429299287","23264578.651302937"
"2020-01-13","1.000360130120058","1.0027718719999998","0.9946984473147933","1.0002162219384783","24043480.373924755","23959321.998956446"
"2020-01-12","0.9995953869130861","1.0050095328666473","0.9960387084287394","0.9987023157478423","23950005.978740647","23959322.06128762"
"2020-01-11","1.0001761390900519","1.0067654966561044","0.995352068238485","0.9991040686443263","23963919.20213688","23959322.113231014"
"2020-01-10","0.9997823527647056","1.0082915102282826","0.9944737345234328","0.9994244784037948","24710849.866831176","24716699.12869977"
"2020-01-09","0.9997746623184246","1.0052274351699577","0.9931550954094904","0.9997609275453962","24860802.6680159","24872655.301423516"
"2020-01-08","0.999624259986376","1.0111410792712858","0.990274888008574","1.0004260700930188","26923784.466588255","26923631.651304137"
"2020-01-07","1.0001910464006105","1.006694374764633","0.9951198307463499","1.001761010152679","26702583.667778432","26679835.3430815"
"2020-01-06","1.0006230012590518","1.0074048047380013","0.9847595653320468","0.9999433490316445","17026572.12615896","17008196.0685735"
"2020-01-05","1.0005972561503822","1.0057115585349703","0.9973461652446776","1.0005356839677706","17046135.38434797","17008195.99857276"
"2020-01-04","1.0003446822974418","1.0152264005929341","0.9981271299999999","1.0025794323525299","17068962.004110083","17008195.962731596"
"2020-01-03","1.001051764622874","1.0082165887767618","0.9921364085312817","1.000996417687286","17070915.548196945","17008195.983976997"
"2020-01-02","1.0011412909142348","1.0061956493081023","0.9924459000096163","1.0015517792420552","17042795.705380213","17008196.089603614"
"2020-01-01","1.0016110608022681","1.0141126701365462","0.9983696999999999","1.0001321427926655","17005677.64830578","17008196.063843142"
"2019-12-31","1.000252697941931","1.0026428369453781","0.9966340758085379","0.9990311931794253","17025857.239100456","17008196.093136612"
"2019-12-30","1.0001869616307622","1.0041540499290125","0.9970861280620748","1.0000554047301478","17016804.56873393","17008195.979326643"
"2019-12-29","1.0013386562798392","1.003744868190626","0.9989910442788343","1.0017090856376976","17021535.406480588","17008196.014828358"
"2019-12-28","1.0020749246383105","1.0101480117135446","0.9972686882300916","1.0022558169716618","17077594.854036458","17008196.09683286"
"2019-12-27","1.0020046329162353","1.004436558386126","0.998314575999233","1.0010641952055448","17024547.09565865","17008195.94705431"
"2019-12-26","1.0013062180648917","1.0073501338711432","0.9969546596023415","1.0018117056876246","17101716.29859334","17008196.09888144"
"2019-12-25","1.0017601544238084","1.0055711373524687","0.9977181966436846","1.0022846033510322","17136569.14777605","17008195.94704601"
"2019-12-24","1.002239271283044","1.0036147901581876","0.9936709075432647","1.0004879846232813","17189930.552429173","17176835.79025894"
"2019-12-23","1.0005801823776728","1.0086213946506553","0.9931239731242684","1.0030486168708954","17557402.745339554","17512495.71034692"
"2019-12-22","1.000669105201037","1.0054703810283907","0.9979002","1.0018290311494695","17543365.37206981","17512495.653909337"
"2019-12-21","1.0002188373780385","1.003029737082291","0.9987003","1.0016348448436305","17551201.812362116","17512495.7240439"
"2019-12-20","1.0014571130523364","1.004175377194695","0.998929412","1.000962142841089","18155310.062071055","18136483.73807289"
"2019-12-19","1.0001888798593679","1.0068536402793375","0.9924878030313677","1.003749735102213","17672925.542274415","17619913.13280501"
"2019-12-18","1.0019122208798088","1.0179309575259603","0.9933586666045514","1.0018902584830196","17972631.35947619","17910802.620186515"
"2019-12-17","1.001961901713635","1.00636439830901","0.994427959958641","1.0013260403091349","16876791.00202603","16839019.387771856"
"2019-12-16","1.0017812614166017","1.004554869549289","0.9974940000000001","1.0040445424677071","17527853.532981712","17490827.03434244"
"2019-12-15","1.0026486987115912","1.004768419000933","0.998677877780005","1.002053722557891","17513551.499754947","17490827.038298078"
"2019-12-14","1.0020331153079922","1.0038406260622723","0.9977931738107527","1.0014780641662713","17544486.186621845","17490827.03446239"
"2019-12-13","1.0016949185513466","1.008492301876634","0.9980856349366113","1.0013140898981223","17842983.12392535","17831995.189669777"
"2019-12-12","1.0014051041421383","1.0071120758143388","0.9976396761061126","1.0067613854624764","18427614.2095931","18243196.091875993"
"2019-12-11","1.0039319411779986","1.0041165985844427","0.9982161828121723","1.0008853761921985","19878870.330340825","19880907.364386108"
"2019-12-10","1.0003494686072978","1.003231672109823","0.9978552552702028","0.9995305781347991","18273769.889041316","18276098.676627457"
"2019-12-09","1.0002496180304437","1.0066950588782972","0.9977119621305592","1.0020452663225092","18399833.58143536","18397214.092683047"
"2019-12-08","1.0005337278782616","1.0474496965014435","0.9978645329125075","1.001830981307593","18420408.48179581","18397214.213791244"
"2019-12-07","1.0014875897876556","1.0057573832777318","0.9995257434404518","1.0032361997088681","18460107.74347862","18397214.15267418"
"2019-12-06","1.002759696257946","1.0087515909125204","0.9973972400407564","1.0010157838073517","18343380.214666054","18314378.751936514"
"2019-12-05","1.0010630971958914","1.0077868777789363","0.995528301902359","1.0011284496112567","18045162.238189995","18034069.742574368"
"2019-12-04","1.0014373005476565","1.0342517394585178","0.9961888068529763","1.001840553431172","18699898.153931126","18694201.872464236"
"2019-12-03","1.0026120326575447","1.006607196","0.998260752","1.0026128993643302","19166266.480553698","19151692.5777447"
"2019-12-02","1.0021671858187398","1.0052452074861837","0.9945675169144063","1.000219356","17999253.23620069","17981168.085482556"
"2019-12-01","1.001864939840084","1.0074234922134968","0.9949548249239609","1.0023731122626538","18021966.7491826","17981168.21209072"
"2019-11-30","1.0013953958447832","1.0087536116287728","0.9958911979213037","1.0023280638940097","17987237.63127232","17981168.129206512"
"2019-11-29","1.001525838584822","1.006927279861538","0.9952212765425121","1.0003805271290098","19408236.882708687","19423379.205180686"
"2019-11-28","1.0014627952576345","1.0142996598014098","0.9465095837849044","1.0015768626739585","20340872.889459267","20287620.083679628"
"2019-11-27","1.0007366942081939","1.0131762368308774","0.996513932460073","1.0011919728494536","20480120.720090736","20469530.927756105"
"2019-11-26","1.001573944132854","1.0062222537172496","0.9920344769282976","1.0011154465472543","20435049.971093293","20438129.793513548"
"2019-11-25","1.0016443878335068","1.0308949572505774","0.9954294826460476","1.0009849288066095","19350269.39781251","19340843.84120952"
"2019-11-24","1.0017849737129358","1.009977091162638","0.994005","1.0022060054518227","19363576.551034156","19340843.83199124"
"2019-11-23","1.0019216764553713","1.0088539550005438","0.9928917851653322","1.0021270421430228","19353369.179053847","19340843.814439"
"2019-11-22","1.0010703148188458","1.013800230897437","0.9745103564818071","1.0018073119269288","19701829.848981008","19644242.047237672"
"2019-11-21","1.0016409864663611","1.006540243142023","0.9813843382665145","1.0066568914575118","19864776.349097423","19810321.028520122"
"2019-11-20","1.0006293767455208","1.0179933289439187","0.99819297","1.0018322085457803","17578622.089233","17549199.00382044"
"2019-11-19","1.0016684601421992","1.006371419015919","0.99833148585229","1.0000615491132505","17906210.423216876","17886015.170246243"
"2019-11-18","1.0008590094438607","1.0076648392933008","0.9900978111814588","0.99999991","17800553.912890367","17785300.05902618"
"2019-11-17","1.0036042939160967","1.0106522207852036","0.9985254440320857","1.0020605283389767","17828180.665846474","17785299.912615255"
"2019-11-16","1.000644519588774","1.0039787491531713","0.998499215845877","1.0011086845784052","17822063.900427792","17785299.909283042"
"2019-11-15","1.0011236047033192","1.009366561277538","0.9939193102032748","1.0007991953479165","16654646.08694232","16621416.527196944"
"2019-11-14","1.0010402642271392","1.0037866950606924","0.9973446130050574","1.0009927920357613","17924739.49664304","17879483.118712503"
"2019-11-13","1.0002727910068003","1.0038190483347005","0.9979888446500291","1.0022057605770542","19265144.909431215","19219005.454503927"
"2019-11-12","1.0010085199015677","1.0064500363301516","0.9959551518497857","1.0005075232078577","20899122.81930683","20838241.325517472"
"2019-11-11","1.000927782165442","1.0046936982677455","0.9922335362968459","1.000048134140552","22282366.95653607","22280138.942641806"
"2019-11-10","1.0000774898763483","1.0177990929086782","0.9984797866361363","1.0002280776620822","22300197.12207894","22280138.97955459"
"2019-11-09","1.0004427371902629","1.00350034976537","0.9969857054456346","0.999977534525856","22322496.71627456","22280139.03749605"
"2019-11-08","0.9999836463059039","1.0043377504423903","0.9889670077676468","0.999639960251575","21139414.283498466","21101401.35072095"
"2019-11-07","0.9998699076503519","1.00254955285741","0.9970578665490972","1.0002694956539198","21610304.539569024","21603821.448207155"
"2019-11-06","1.0002534021640943","1.0020904483115562","0.996470666","1.0010049413795397","15058716.790554138","15085846.897873724"
"2019-11-05","0.9994402112247321","1.0035908442999064","0.9953248099086768","1.0008970816402334","17968442.26188352","18027821.251933806"
"2019-11-04","1.0008504911873906","1.0130197684910809","0.9970235734191966","1.0008675584457225","17411674.63415519","17366542.46360079"
"2019-11-03","1.0006474357478647","1.002900087237474","0.995745222066625","1.001072662317701","17323178.158761773","17366542.477773394"
"2019-11-02","1.000642294434957","1.0054508764014716","0.9966028","1.0014102890534073","17431632.028769817","17366542.53579065"
"2019-11-01","1.001550743780035","1.0057279378368824","0.9953757325119263","1.0008788214025106","17582696.926327243","17617893.997543994"
"2019-10-31","1.000481408526565","1.0147020194702625","0.9949825662944362","1.001348559702603","18116402.843162246","18136342.850294005"
"2019-10-30","1.0007690675226795","1.0047598596715583","0.9954952055739168","1.0013087555951503","20587132.265025567","20661357.27870017"
"2019-10-29","1.0012287228229833","1.0109473267007445","0.9972546582999671","0.9996111731262416","20313402.49793171","20398880.09303837"
"2019-10-28","0.9997090029180508","1.006293391197504","0.9925090294147381","1.0004907566250274","21686729.30530561","21738789.973805897"
"2019-10-27","1.0003365563257782","1.0130930957797","0.9951053695693475","1.00258052599823","20636681.58664527","20708996.75039503"
"2019-10-26","1.001394441483322","1.0238869920452796","0.9854866503222856","1.0020198206632425","22589675.35067274","22660951.86399286"
"2019-10-25","0.9999145845646698","1.0200457358018475","0.9953802507999407","1.0010425758222088","22722948.65901221","22795764.03624918"
"2019-10-24","1.0006180647298955","1.0062960799641774","0.9979632808156401","1.0010919534259932","15115611.522435492","15136777.611784773"
"2019-10-23","1.000661049854204","1.0162707838479812","0.9941670022141218","0.9991587545084387","15109558.704382055","15136777.685234623"
"2019-10-22","0.9998845204251579","1.002937027134535","0.9948327830019353","1.0001291250545383","11624512.040426359","11666435.746442724"
"2019-10-21","1.000705819734842","1.0026728647346344","0.9977904143271819","1.0017563641656644","10978879.884716986","11007453.546078613"
"2019-10-20","1.000693113639846","1.0039862195806082","0.999190008","1.0008997912995263","11620843.035975536","11635954.665411133"
"2019-10-19","1.001911650469194","1.0032119080814923","0.999223440253231","1.0006323240355275","11622002.731057273","11635954.715128168"
"2019-10-18","1.0006724297914993","1.0025670840682002","0.9994903943067706","1.0002713629677302","10468381.55611728","10477807.812646048"
"2019-10-17","1.0005416260277882","1.0033467244706147","0.9994","1.0009777191905507","10445269.456057966","10447358.301064678"
"2019-10-16","1.0000303682506908","1.0026159276667312","0.9971510589749308","1.001069809666856","10895836.89183523","10883898.960779743"
"2019-10-15","1.00050006","1.00287","0.9988340318267634","1.0010500752095994","10216702.35506134","10191243.202766778"
"2019-10-14","1.0003093092075712","1.0025391479999999","0.9968659092326528","0.9997457849039214","10017246.594641378","10021255.597943336"
"2019-10-13","1.0001044490975","1.0020781761060331","0.9908652943882156","1.0003328161120946","10035625.613851415","10021255.613808522"
"2019-10-12","0.9998923455253237","1.00284","0.9983354089586469","0.9997154882959847","10040417.378994366","10021255.62139078"
"2019-10-11","1.0001201459112483","1.0034333281852543","0.9936361283607935","1.0005488239751954","10032687.569396619","10021255.627715481"
"2019-10-10","0.9979969999999999","1.0026678186181748","0.9977291419999998","1.0005783728912367","10035342.29447799","10021255.576282486"
"2019-10-09","1.0005167199332552","1.0036318733226792","0.99810018","1.00329953853342","10054776.601511158","10021255.584427891"
"2019-10-08","1.00010824869028","1.004139742597223","0.9976764535612013","1.0013062884958202","10040234.68959938","10021255.6339793"
"2019-10-07","0.9992982999999999","1.007006359170179","0.998619456","1.0014661487467118","",""
"2019-10-06","1.000715475412725","1.0040775563985687","0.9976010799999999","1.002978366271754","",""
"2019-10-05","1.0017639754252425","1.0041445408724838","0.998090019","0.9999989463885849","",""
"2019-10-04","1.00009658","1.0027401924970376","0.9985193081571122","1.0018102231312518","",""
"2019-10-03","1.002593538835181","1.0039615964190856","0.9984177000000001","1.0028860141081954","",""
"2019-10-02","1.0023447527658575","1.0067902393770685","0.9979756212972963","1.0031064807549435","",""
"2019-10-01","1.002076410171502","1.0056471094778536","0.9992039910275716","1.0034491839674298","",""
"2019-09-30","1.002786696959765","1.0051382890161709","0.9986179964422148","1.00221300412471","",""
"2019-09-29","1.0031005682536933","1.0066335901400367","0.9977009807487522","1.001649912016242","",""
"2019-09-28","1.001146056990497","1.0047764262769816","0.9981631546278354","1.0023844008668938","",""
"2019-09-27","1.0011984","1.005291748653409","0.9964453018763763","1.0001994987944893","",""
"2019-09-26","1.0004547439326095","1.0120742110138163","0.9958795495879367","1.0000371999811795","",""
"2019-09-25","1.0003230776102334","1.0068305955905634","0.9962886","1.0025762562012783","",""
"2019-09-24","1.0026545471566486","1.0437550933836888","0.9928877491531257","0.9998106439686381","",""
"2019-09-23","0.9996","1.0016876202909022","0.9970634037701674","0.999030087","",""
"2019-09-22","0.9998057143098139","1.0033445510355945","0.9949339105848521","0.9993000599999999","",""
"2019-09-21","0.9996157329268947","1.0016843645439188","0.997910199","0.99945","",""
"2019-09-20","0.99937","1.002545231454929","0.9973300254829627","0.9999631525246506","",""
"2019-09-19","1.0013619788504386","1.0064250388575147","0.9933778362580864","1.0009586377581567","",""